event_type,location_risk,duration,guards,tier,cloud,ai_agent,is_weekend,is_holiday,price,accepted,satisfaction,state,risk_zone,total_guard_hours,crowd_size,is_night_shift,is_armed,has_vehicle,day_of_week,hour_of_day,month,risk_score
social_wedding,1.18,4.56,2,1,2,1,0,0,484.27,1,3,TX,medium,9.12,390,0,0,0,3,19,7,0.25
corporate,1.1,5.84,4,2,3,1,0,0,2059.56,0,3,AZ,low,23.36,60,0,1,0,2,8,6,0.25
retail_lp,1.4,10.53,4,3,3,1,0,0,6207.34,1,4,NY,critical,42.12,287,0,1,1,1,10,8,0.75
tech_summit,1.35,8.34,8,2,1,1,0,0,9727.96,1,5,CA,high,66.72,1239,0,1,0,0,18,9,0.55
social_wedding,1.5,7.95,1,2,1,1,0,0,1045.24,1,4,NY,critical,7.95,122,1,1,1,0,22,8,0.6
social_wedding,1.3,4.6,4,1,3,1,0,0,1384.24,1,3,FL,high,18.4,358,0,0,1,2,10,12,0.35
concert,1.45,12.91,35,2,2,1,1,0,90049.59,0,2,DC,critical,451.85,23330,1,1,1,5,23,10,1.0
retail_lp,1.4,7.34,5,1,2,1,0,0,2260.72,0,3,NY,critical,36.7,207,0,0,0,3,7,2,0.75
retail_lp,1.3,8.94,1,1,1,1,0,0,474.18,1,5,WA,medium,8.94,957,0,0,0,1,8,9,0.55
social_wedding,1.5,4.75,3,1,3,1,0,0,1306.5,1,4,NY,critical,14.25,183,1,0,1,4,23,6,0.6
tech_summit,1.5,9.97,4,1,1,1,0,0,4619.38,1,3,NY,critical,39.88,1322,0,0,1,0,14,12,0.65
retail_lp,1.18,5.17,1,2,2,1,0,0,494.08,1,4,TX,medium,5.17,838,0,1,1,1,21,10,0.55
music_festival,1.1,42.56,21,1,2,0,0,1,110234.12,0,3,AZ,low,893.76,34279,1,0,0,1,23,11,1.0
retail_lp,1.45,5.36,5,2,1,1,0,0,2790.68,1,4,DC,critical,26.8,676,0,1,0,3,14,4,0.75
tech_summit,1.5,13.18,7,1,1,1,1,0,11303.0,1,4,NY,critical,92.26,1699,0,0,0,5,18,9,0.75
vip_protection,1.35,41.3,3,3,1,1,0,0,47308.12,1,4,IL,high,123.9,7,0,1,0,1,20,11,0.45
industrial,1.35,60.86,4,1,2,0,0,0,20334.85,0,3,CA,high,243.44,0,0,0,0,4,15,4,0.75
industrial,1.5,45.56,3,1,3,0,0,0,13838.85,1,5,NY,critical,136.68,0,1,0,0,1,22,12,1.0
vip_protection,1.35,36.58,2,3,2,1,0,0,27934.32,1,5,NV,high,73.16,0,0,1,0,2,19,11,0.45
concert,1.35,12.51,11,3,1,1,0,0,33844.61,1,5,IL,high,137.61,17948,0,1,1,2,15,3,1.0
corporate,1.2,7.18,4,1,3,1,0,0,1700.8,0,2,GA,medium,28.72,523,0,0,0,1,21,12,0.35
music_festival,1.35,43.92,45,2,2,1,0,0,389694.13,0,3,IL,high,1976.4,25544,0,1,1,2,14,9,1.0
gov_rally,1.18,11.53,55,1,2,1,0,0,68676.84,1,4,TX,medium,634.15,11104,0,0,1,0,16,6,1.0
social_wedding,1.35,5.27,1,1,1,1,0,0,334.38,1,4,NV,high,5.27,271,0,0,0,0,21,10,0.35
industrial,1.3,94.84,4,1,1,1,0,0,29665.14,1,5,WA,medium,379.36,0,0,0,1,3,21,8,0.65
social_wedding,1.18,7.77,1,1,1,1,0,0,412.59,1,4,TX,medium,7.77,162,0,0,0,1,19,10,0.25
corporate,1.35,9.29,1,2,2,0,1,0,1159.79,1,4,NV,high,9.29,557,0,1,0,6,16,3,0.55
gov_rally,1.45,7.16,20,2,1,1,0,0,26964.92,1,3,DC,critical,143.2,1482,0,1,0,4,9,8,1.0
vip_protection,1.35,60.23,2,3,3,1,1,0,51606.15,1,4,IL,high,120.46,21,0,1,0,5,8,12,0.55
gov_rally,1.45,11.21,60,2,2,1,0,0,126652.26,0,3,CA,high,672.6,21789,0,1,0,3,9,7,1.0
corporate,1.2,5.69,3,2,2,1,0,0,1671.96,0,2,GA,medium,17.07,628,0,1,0,1,15,5,0.35
music_festival,1.45,13.64,45,1,1,1,1,0,93718.05,1,5,CA,high,613.8,41936,0,0,0,5,14,12,1.0
vip_protection,1.4,54.04,1,3,3,1,1,0,24868.56,1,5,NY,critical,54.04,1,0,1,0,6,6,12,0.65
sports,1.45,6.69,14,1,1,0,0,0,9778.1,1,5,DC,critical,93.66,30702,0,0,0,3,6,3,1.0
retail_lp,1.5,5.02,1,1,2,1,0,0,331.32,1,4,NY,critical,5.02,636,0,0,0,3,20,3,0.75
music_festival,1.45,31.8,30,2,3,1,0,0,199248.86,0,2,CA,high,954.0,5277,1,1,0,4,22,5,1.0
industrial,1.3,135.04,2,1,2,0,0,0,21724.56,1,5,FL,high,270.08,0,0,0,0,1,9,10,0.75
sports,1.35,5.16,10,2,3,1,0,0,7699.75,1,5,IL,high,51.6,59649,0,1,0,2,21,3,1.0
music_festival,1.45,25.82,54,2,1,1,0,0,291204.09,0,1,DC,critical,1394.28,14048,0,1,0,2,21,3,1.0
industrial,1.3,98.49,3,1,1,1,1,0,25668.22,1,4,WA,medium,295.47,0,0,0,0,5,15,4,0.75
concert,1.18,6.4,22,2,3,1,0,0,21038.69,1,5,TX,medium,140.8,1912,1,1,0,2,23,5,1.0
retail_lp,1.45,7.14,4,1,1,0,1,0,2075.24,1,5,CA,high,28.56,726,1,0,0,6,22,9,0.9
industrial,1.45,67.17,4,3,3,1,1,1,71328.49,0,1,DC,critical,268.68,0,1,1,0,6,22,11,1.0
concert,1.1,8.28,12,1,3,1,1,0,9251.36,1,5,AZ,low,99.36,1921,0,0,0,5,19,9,0.85
gov_rally,1.45,8.17,47,2,3,0,0,0,72306.28,0,2,DC,critical,383.99,24255,1,1,0,4,23,7,1.0
tech_summit,1.35,12.69,4,2,3,1,0,0,7400.95,1,4,MA,high,50.76,1429,0,1,0,1,18,11,0.55
tech_summit,1.35,11.7,8,2,2,1,0,0,13647.14,1,4,IL,high,93.6,140,0,1,0,0,7,1,0.55
retail_lp,1.3,4.75,2,1,1,1,0,0,683.28,1,5,FL,high,9.5,381,1,0,1,4,23,4,0.8
industrial,1.45,99.52,4,2,3,1,0,0,57134.31,0,2,DC,critical,398.08,0,0,1,0,1,21,1,0.85
sports,1.45,4.26,17,2,3,1,1,0,12431.27,1,3,DC,critical,72.42,5214,0,1,0,5,14,11,1.0
industrial,1.35,21.52,3,1,3,1,0,0,5392.78,1,4,MA,high,64.56,0,0,0,0,1,21,4,0.75
tech_summit,1.3,11.43,6,1,3,1,1,0,7173.28,1,5,WA,medium,68.58,1257,0,0,1,6,15,7,0.55
gov_rally,1.35,8.99,64,2,1,1,0,0,101584.12,1,3,NV,high,575.36,9284,0,1,0,4,8,3,1.0
vip_protection,1.45,22.91,3,3,2,1,0,0,29191.35,1,5,DC,critical,68.73,42,0,1,0,2,14,4,0.55
gov_rally,1.2,13.21,62,2,1,1,0,0,130175.04,0,3,GA,medium,819.02,16166,0,1,0,0,6,7,1.0
concert,1.35,13.93,9,1,3,1,0,0,13963.08,1,4,IL,high,125.37,5566,0,0,0,3,18,4,1.0
concert,1.35,10.22,8,2,2,1,1,0,15427.59,0,3,MA,high,81.76,10162,0,1,1,5,20,9,1.0
corporate,1.35,10.17,5,1,1,1,0,1,4393.27,1,3,CA,high,50.85,135,0,0,0,0,6,8,0.65
retail_lp,1.35,8.97,4,1,3,1,1,0,2301.77,1,4,CA,high,35.88,812,0,0,0,5,8,9,0.75
gov_rally,1.3,12.59,72,1,2,1,0,1,117901.32,0,2,WA,medium,906.48,15824,1,0,0,0,22,7,1.0
sports,1.3,8.79,17,2,1,0,1,0,24358.57,1,4,WA,medium,149.43,6527,0,1,1,5,21,7,0.981
vip_protection,1.5,19.28,2,3,2,1,0,0,16918.2,1,5,NY,critical,38.56,15,0,1,0,1,9,7,0.55
tech_summit,1.2,13.71,3,2,1,1,1,0,5845.84,1,5,GA,medium,41.13,545,0,1,0,6,15,11,0.55
gov_rally,1.1,10.95,46,2,2,1,1,0,80073.49,1,5,AZ,low,503.7,2288,0,1,0,6,20,4,1.0
tech_summit,1.45,10.73,6,1,1,1,0,0,6546.24,0,1,CA,high,64.38,172,0,0,0,2,7,2,0.55
retail_lp,1.15,9.51,4,1,3,1,1,0,2284.02,1,5,TX,medium,38.04,496,0,0,1,6,7,1,0.65
sports,1.45,4.75,16,2,3,1,1,0,13045.8,0,3,DC,critical,76.0,58003,1,1,0,5,23,12,1.0
vip_protection,1.35,10.26,3,3,1,0,0,0,11752.57,1,5,MA,high,30.78,30,0,1,0,0,8,5,0.45
gov_rally,1.35,12.11,55,1,3,1,1,0,88346.78,1,3,IL,high,666.05,4194,0,0,1,6,19,11,1.0
vip_protection,1.3,44.81,1,3,1,1,1,0,18588.47,1,4,FL,high,44.81,35,0,1,1,5,18,7,0.55
sports,1.35,4.66,18,1,3,1,1,0,8805.39,0,1,CA,high,83.88,33856,1,0,0,6,23,8,1.0
industrial,1.35,48.19,2,1,3,1,1,0,9010.98,1,4,IL,high,96.38,0,0,0,0,6,9,8,0.85
corporate,1.4,6.83,3,2,3,1,1,0,3068.19,1,4,NY,critical,20.49,449,1,1,1,6,22,6,0.8
music_festival,1.45,26.01,41,2,1,1,0,0,222726.39,0,2,CA,high,1066.41,22322,0,1,0,0,10,4,1.0
vip_protection,1.45,71.95,3,3,3,0,0,0,88234.08,1,5,CA,high,215.85,6,0,1,0,2,9,7,0.45
corporate,1.18,8.31,2,2,1,0,0,0,1605.73,1,5,TX,medium,16.62,887,0,1,0,3,14,2,0.35
concert,1.4,7.9,12,1,3,1,0,0,10949.4,1,5,NY,critical,94.8,20518,0,0,0,0,21,2,1.0
tech_summit,1.2,9.26,4,1,3,1,1,0,3564.29,1,5,GA,medium,37.04,1278,1,0,0,5,23,9,0.7
sports,1.2,5.97,13,2,1,0,0,0,10449.41,1,3,GA,medium,77.61,29308,0,1,0,2,7,9,1.0
music_festival,1.45,10.14,31,1,1,1,0,0,44439.82,1,4,DC,critical,314.34,11212,0,0,0,2,7,5,1.0
concert,1.35,8.45,18,2,1,1,1,0,27655.54,1,5,NV,high,152.1,12560,0,1,0,6,6,8,1.0
tech_summit,1.45,9.22,2,1,2,1,0,0,1875.0,1,4,CA,high,18.44,870,0,0,0,3,16,2,0.55
industrial,1.2,99.47,1,2,2,1,0,0,11463.52,0,1,GA,medium,99.47,0,0,1,1,4,20,8,0.65
music_festival,1.35,35.57,23,2,1,1,1,0,174521.53,0,3,CA,high,818.11,8067,0,1,1,6,6,4,1.0
music_festival,1.45,32.22,28,2,2,1,0,0,190241.75,1,3,CA,high,902.16,1042,0,1,1,2,7,6,1.0
industrial,1.2,47.09,2,1,1,0,0,0,6738.58,0,2,GA,medium,94.18,0,0,0,0,2,7,5,0.65
retail_lp,1.35,4.56,4,1,3,1,0,0,1044.06,1,3,IL,high,18.24,991,0,0,0,3,14,8,0.65
music_festival,1.35,17.73,36,1,3,0,0,0,84013.6,1,3,NV,high,638.28,8685,0,0,0,1,18,7,1.0
sports,1.35,8.14,18,1,3,1,1,0,16644.68,1,4,IL,high,146.52,23593,1,0,1,5,23,9,1.0
industrial,1.35,132.36,2,1,1,1,0,0,22242.39,1,4,CA,high,264.72,0,0,0,1,2,18,2,0.75
sports,1.15,6.92,16,2,1,1,0,0,15409.24,1,3,TX,medium,110.72,62284,0,1,1,1,19,7,1.0
tech_summit,1.3,9.85,5,2,2,1,0,0,7304.21,1,4,FL,high,49.25,1029,1,1,0,4,22,4,0.7
industrial,1.45,12.21,1,1,3,1,0,0,1135.3,0,2,DC,critical,12.21,0,0,0,0,0,21,9,0.85
industrial,1.35,162.21,2,2,3,1,1,0,49409.25,1,4,MA,high,324.42,0,1,1,0,5,22,7,1.0
retail_lp,1.15,8.03,1,2,3,1,0,0,653.18,0,1,TX,medium,8.03,541,0,1,0,2,14,1,0.55
retail_lp,1.3,7.19,3,1,3,1,1,0,1332.51,0,1,FL,high,21.57,62,0,0,0,5,10,6,0.75
gov_rally,1.2,6.33,51,2,1,1,0,0,51310.6,0,1,GA,medium,322.83,13930,1,1,0,0,22,2,1.0
vip_protection,1.35,11.21,2,3,2,1,1,0,9745.33,1,4,NV,high,22.42,41,0,1,1,5,18,6,0.55
vip_protection,1.35,71.94,3,3,1,0,0,0,87212.86,1,5,IL,high,215.82,31,1,1,0,3,23,8,0.6
sports,1.45,8.47,25,3,2,1,1,0,53621.89,1,4,DC,critical,211.75,14350,1,1,1,5,22,11,1.0
music_festival,1.15,24.12,17,2,1,1,0,0,69447.96,1,3,CO,medium,410.04,7508,0,1,0,3,21,8,1.0
social_wedding,1.35,4.33,3,1,2,1,1,0,928.03,1,4,CA,high,12.99,201,0,0,0,6,8,8,0.45
music_festival,1.45,11.24,60,2,2,1,1,0,156332.87,0,3,DC,critical,674.4,47926,0,1,1,5,19,3,1.0
industrial,1.15,74.96,3,2,1,1,1,0,28974.59,1,5,CO,medium,224.88,0,1,1,0,5,22,3,0.9
retail_lp,1.45,7.05,3,1,3,1,0,0,1300.3,1,4,CA,high,21.15,827,0,0,0,3,19,5,0.65
corporate,1.4,9.47,4,2,3,1,1,1,6168.63,0,2,NY,critical,37.88,831,0,1,0,5,15,5,0.85
retail_lp,1.1,10.2,1,1,2,1,1,0,494.4,1,5,AZ,low,10.2,828,0,0,0,6,19,7,0.55
social_wedding,1.5,4.45,1,2,1,1,1,0,653.05,1,4,NY,critical,4.45,177,0,1,1,5,7,10,0.55
concert,1.35,8.27,28,1,2,1,0,1,29658.49,0,1,IL,high,231.56,24542,0,0,0,3,20,9,1.0
tech_summit,1.45,9.92,4,2,3,0,0,0,6161.1,1,4,CA,high,39.68,628,0,1,0,0,9,2,0.55
concert,1.5,13.5,32,1,1,1,1,0,57736.8,0,3,NY,critical,432.0,15008,0,0,0,6,21,4,1.0
retail_lp,1.45,7.51,1,2,2,1,0,0,847.02,0,2,DC,critical,7.51,905,0,1,1,0,9,10,0.75
sports,1.3,8.81,21,1,1,1,1,0,20176.49,0,3,FL,high,185.01,47905,0,0,1,5,15,3,1.0
retail_lp,1.4,4.89,1,1,3,0,0,0,301.22,1,4,NY,critical,4.89,635,0,0,0,4,14,1,0.75
gov_rally,1.45,11.85,59,2,1,1,0,0,131651.69,0,1,CA,high,699.15,2239,0,1,0,1,16,5,1.0
sports,1.3,7.22,9,1,1,1,0,0,6082.13,1,4,FL,high,64.98,52968,0,0,0,0,15,2,1.0
music_festival,1.45,12.7,52,2,3,1,0,0,137928.67,1,4,DC,critical,660.4,47944,0,1,0,3,21,10,1.0
industrial,1.2,57.67,4,1,1,1,0,0,16505.15,1,5,GA,medium,230.68,0,0,0,0,0,9,3,0.65
gov_rally,1.35,13.29,19,2,3,1,0,0,44582.53,1,5,NV,high,252.51,10748,0,1,0,1,14,7,1.0
corporate,1.15,9.75,4,1,2,1,0,0,2213.35,1,3,TX,medium,39.0,636,0,0,0,1,9,8,0.35
corporate,1.5,11.69,3,1,3,1,0,0,3012.0,1,3,NY,critical,35.07,824,0,0,1,1,15,1,0.55
social_wedding,1.18,6.91,2,1,2,0,0,0,733.84,1,4,TX,medium,13.82,71,0,0,0,1,7,3,0.25
social_wedding,1.35,4.56,3,1,1,1,1,1,1526.68,1,5,IL,high,13.68,190,1,0,1,6,23,6,0.8
gov_rally,1.4,12.28,27,2,1,1,0,0,60486.49,1,4,NY,critical,331.56,22001,0,1,0,1,21,5,1.0
concert,1.5,12.22,17,2,2,1,0,0,38444.88,0,3,NY,critical,207.74,2182,0,1,0,3,9,8,1.0
concert,1.5,8.17,29,1,2,0,0,0,29320.09,1,4,NY,critical,236.93,12885,0,0,0,2,18,7,1.0
sports,1.1,9.96,18,1,1,1,0,0,13962.33,1,5,AZ,low,179.28,35543,0,0,0,0,8,12,0.95
sports,1.18,7.31,14,1,3,1,0,0,8694.81,1,4,TX,medium,102.34,62139,0,0,0,1,20,4,1.0
gov_rally,1.3,7.93,24,1,3,1,1,0,23247.21,1,5,WA,medium,190.32,18211,0,0,0,5,10,11,1.0
tech_summit,1.15,9.77,4,1,1,1,0,0,3027.97,1,4,TX,medium,39.08,649,0,0,0,0,15,1,0.45
concert,1.4,6.94,18,1,1,1,0,0,14428.26,1,5,NY,critical,124.92,20464,0,0,0,1,15,12,1.0
industrial,1.1,74.98,4,2,3,1,0,0,30952.31,0,3,AZ,low,299.92,0,0,1,0,0,6,1,0.55
gov_rally,1.35,13.71,56,2,1,1,0,0,139193.79,1,4,MA,high,767.76,9088,0,1,1,0,18,4,1.0
vip_protection,1.4,66.95,1,3,1,1,0,0,27496.36,1,5,NY,critical,66.95,19,0,1,0,0,7,10,0.55
concert,1.3,6.67,25,2,2,1,0,0,27144.82,1,5,FL,high,166.75,14712,1,1,0,0,22,6,1.0
social_wedding,1.35,6.92,2,2,3,0,0,0,1564.62,0,3,CA,high,13.84,164,0,1,1,4,21,7,0.35
sports,1.45,6.43,4,2,1,1,0,0,4087.94,1,5,CA,high,25.72,23760,0,1,0,4,9,6,1.0
music_festival,1.45,18.54,35,2,3,1,0,0,135526.82,0,1,DC,critical,648.9,43476,1,1,0,0,22,8,1.0
vip_protection,1.45,70.97,2,3,1,1,0,0,63681.38,1,4,DC,critical,141.94,17,1,1,0,4,23,8,0.7
sports,1.35,5.63,9,2,3,1,1,0,8165.86,1,5,NV,high,50.67,58241,0,1,0,5,8,5,1.0
concert,1.45,10.75,8,1,1,1,1,0,11110.77,1,5,DC,critical,86.0,19856,0,0,0,6,18,6,1.0
industrial,1.18,93.07,1,2,3,1,0,0,10580.29,1,5,TX,medium,93.07,0,0,1,1,3,16,12,0.65
social_wedding,1.35,6.56,4,1,2,0,0,0,1664.93,0,2,MA,high,26.24,356,0,0,0,4,7,4,0.35
social_wedding,1.35,4.43,4,1,1,1,1,0,1546.75,1,4,IL,high,17.72,182,0,0,1,5,10,2,0.45
music_festival,1.3,28.12,51,2,1,1,0,0,271210.02,1,4,WA,medium,1434.12,47168,0,1,0,2,19,12,1.0
gov_rally,1.45,11.8,31,2,2,1,0,0,68881.05,1,5,CA,high,365.8,1258,0,1,0,3,18,3,1.0
sports,1.5,8.93,11,2,1,1,0,0,16090.07,0,2,NY,critical,98.23,33787,0,1,0,1,14,11,1.0
gov_rally,1.35,12.35,56,2,3,1,0,0,122107.17,1,4,NV,high,691.6,19302,0,1,0,3,6,10,1.0
concert,1.35,6.16,30,1,2,1,0,0,20582.1,1,4,NV,high,184.8,2324,1,0,0,0,23,1,1.0
corporate,1.15,7.46,4,1,3,1,0,0,1693.49,1,4,TX,medium,29.84,381,0,0,0,0,15,10,0.35
social_wedding,1.5,7.29,1,2,3,1,1,0,1025.02,1,5,NY,critical,7.29,168,0,1,1,6,7,6,0.55
social_wedding,1.3,5.77,3,1,1,1,0,1,1268.04,1,4,WA,medium,17.31,352,0,0,0,1,10,6,0.45
retail_lp,1.1,6.14,3,2,3,1,1,0,1774.0,1,4,AZ,low,18.42,101,0,1,1,6,9,11,0.55
concert,1.15,10.77,26,1,2,1,0,0,26566.9,1,5,TX,medium,280.02,18044,1,0,0,0,23,7,1.0
music_festival,1.3,32.97,39,1,3,0,1,0,176017.27,1,4,FL,high,1285.83,14675,0,0,0,6,14,5,1.0
tech_summit,1.18,10.91,2,1,3,1,1,0,2064.7,1,5,TX,medium,21.82,724,1,0,0,5,23,1,0.7
sports,1.15,7.66,9,1,1,0,0,0,5708.23,1,4,TX,medium,68.94,61411,0,0,0,0,10,5,1.0
vip_protection,1.45,31.09,4,3,3,1,0,0,52818.8,1,4,DC,critical,124.36,31,0,1,0,4,15,2,0.55
industrial,1.15,59.76,1,2,1,1,0,0,6607.53,1,4,TX,medium,59.76,0,0,1,0,0,6,7,0.65
industrial,1.5,84.33,3,1,3,1,1,0,27203.38,1,4,NY,critical,252.99,0,0,0,0,5,19,10,0.95
tech_summit,1.3,12.8,6,1,3,1,1,0,7561.38,1,3,WA,medium,76.8,653,0,0,0,5,19,6,0.55
retail_lp,1.45,4.47,5,2,1,1,1,0,2589.09,1,5,DC,critical,22.35,603,0,1,0,6,14,3,0.85
music_festival,1.45,8.33,29,1,1,1,1,0,36884.12,1,5,DC,critical,241.57,18029,0,0,0,6,19,2,1.0
social_wedding,1.45,6.46,2,1,3,1,0,0,880.5,1,5,CA,high,12.92,261,0,0,0,2,10,11,0.35
corporate,1.35,11.48,5,1,2,1,0,0,4311.86,1,3,CA,high,57.4,470,0,0,1,2,21,6,0.45
industrial,1.2,94.6,2,1,1,1,0,0,13537.26,0,3,GA,medium,189.2,0,0,0,0,4,9,5,0.65
music_festival,1.15,15.61,18,2,1,1,0,0,48759.23,0,2,TX,medium,280.98,49771,0,1,1,0,21,11,1.0
corporate,1.18,10.13,3,1,2,1,0,0,1769.7,0,3,TX,medium,30.39,892,0,0,0,4,14,6,0.35
music_festival,1.3,43.62,21,2,2,1,0,0,173230.83,0,3,WA,medium,916.02,35465,0,1,0,2,16,6,1.0
vip_protection,1.35,53.52,2,3,1,1,1,0,45997.3,1,4,IL,high,107.04,34,0,1,1,5,7,7,0.55
retail_lp,1.4,5.62,5,1,3,1,0,0,2055.96,1,5,NY,critical,28.1,735,0,0,1,1,9,9,0.75
sports,1.2,4.45,7,1,3,1,0,0,2691.36,1,5,GA,medium,31.15,31826,0,0,0,2,8,10,1.0
gov_rally,1.35,12.56,52,1,1,1,1,0,82845.66,1,5,IL,high,653.12,7190,0,0,0,6,16,4,1.0
social_wedding,1.3,5.72,4,2,1,1,0,0,2218.79,1,5,WA,medium,22.88,304,0,1,0,0,9,5,0.25
concert,1.35,10.03,13,1,1,1,0,0,14522.19,1,5,CA,high,130.39,9995,0,0,0,1,15,6,1.0
corporate,1.45,7.88,4,1,2,1,0,0,2447.45,0,2,DC,critical,31.52,427,0,0,0,3,9,12,0.55
gov_rally,1.1,7.39,37,2,3,1,1,0,46064.73,1,4,AZ,low,273.43,5021,0,1,1,5,6,4,1.0
vip_protection,1.5,28.75,3,3,3,1,0,0,37842.19,1,5,NY,critical,86.25,37,0,1,0,3,19,9,0.55
vip_protection,1.2,27.84,1,3,2,1,0,0,9137.09,1,5,GA,medium,27.84,27,0,1,0,2,10,1,0.35
retail_lp,1.35,5.31,4,1,2,1,1,0,1643.39,1,3,CA,high,21.24,548,0,0,1,6,21,9,0.75
vip_protection,1.1,20.79,2,3,3,0,0,0,12068.6,1,5,AZ,low,41.58,14,0,1,0,2,7,7,0.25
retail_lp,1.18,9.39,1,1,2,1,0,0,452.07,1,3,TX,medium,9.39,341,0,0,0,4,10,11,0.55
sports,1.18,8.37,7,1,3,1,0,0,4977.81,1,5,TX,medium,58.59,43034,0,0,0,2,15,5,1.0
vip_protection,1.45,28.69,4,3,3,1,1,0,55606.04,1,5,CA,high,114.76,25,1,1,0,5,22,8,0.7
sports,1.5,5.14,23,1,3,1,0,0,12767.76,1,4,NY,critical,118.22,23385,0,0,0,2,20,5,1.0
vip_protection,1.35,42.33,2,3,3,1,1,0,36269.11,1,5,NV,high,84.66,29,0,1,0,6,8,9,0.55
tech_summit,1.15,12.84,2,1,3,1,0,0,1989.72,1,5,TX,medium,25.68,1913,0,0,0,4,6,1,0.45
concert,1.35,8.96,25,2,2,1,1,0,40728.74,1,5,IL,high,224.0,4000,0,1,0,5,10,8,1.0
sports,1.3,8.18,9,3,3,0,1,0,16315.37,1,4,WA,medium,73.62,44180,1,1,0,6,22,12,1.0
tech_summit,1.1,11.18,8,1,1,1,1,0,8158.81,0,2,AZ,low,89.44,1725,1,0,1,5,22,3,0.6
retail_lp,1.15,9.51,1,1,2,1,0,0,511.21,1,3,TX,medium,9.51,453,0,0,1,1,9,9,0.55
music_festival,1.35,16.49,60,2,2,1,1,0,209108.95,0,2,NV,high,989.4,6758,0,1,0,5,16,11,1.0
tech_summit,1.1,12.89,3,1,3,1,0,0,2748.95,1,4,AZ,low,38.67,1072,0,0,0,4,6,5,0.35
tech_summit,1.18,13.18,6,1,3,1,0,0,6671.98,0,1,TX,medium,79.08,1729,1,0,0,1,23,2,0.6
tech_summit,1.35,9.55,4,1,3,1,1,0,4058.82,1,4,IL,high,38.2,356,0,0,0,5,20,5,0.65
concert,1.3,6.19,35,1,2,1,0,0,23235.71,1,5,WA,medium,216.65,9972,0,0,0,1,20,9,1.0
music_festival,1.18,14.84,51,2,3,1,0,0,134488.62,1,4,TX,medium,756.84,44942,0,1,1,1,15,10,1.0
retail_lp,1.18,8.5,2,1,2,1,0,0,818.45,1,4,TX,medium,17.0,281,0,0,0,3,20,11,0.55
corporate,1.3,4.48,1,1,2,1,0,0,352.41,1,4,WA,medium,4.48,99,0,0,1,1,20,1,0.35
gov_rally,1.18,10.37,38,2,3,1,0,0,61706.25,1,5,TX,medium,394.06,18621,0,1,0,3,14,1,1.0
social_wedding,1.35,5.54,4,1,2,1,0,0,1406.05,1,5,NV,high,22.16,170,0,0,0,1,18,8,0.35
tech_summit,1.15,8.99,3,1,1,1,1,0,2559.56,1,4,TX,medium,26.97,1829,0,0,1,6,10,1,0.55
tech_summit,1.35,13.95,6,1,3,1,0,0,8313.77,1,5,NV,high,83.7,1215,0,0,1,4,7,10,0.55
gov_rally,1.3,10.83,39,1,2,1,0,1,54935.55,1,3,FL,high,422.37,18483,0,0,0,1,15,7,1.0
gov_rally,1.35,10.89,40,2,2,0,0,0,79508.45,0,2,MA,high,435.6,20405,1,1,1,3,22,2,1.0
social_wedding,1.3,4.82,2,1,3,1,0,0,601.54,1,4,WA,medium,9.64,192,1,0,0,1,23,9,0.4
industrial,1.35,137.33,2,1,1,1,0,0,22942.69,1,5,IL,high,274.66,0,0,0,0,2,7,5,0.75
concert,1.4,8.72,23,1,2,1,0,0,24659.68,1,5,NY,critical,200.56,24573,0,0,1,1,10,6,1.0
vip_protection,1.4,58.4,2,3,2,1,0,0,48099.76,0,2,NY,critical,116.8,48,0,1,1,0,21,9,0.55
industrial,1.5,80.77,4,1,3,1,0,0,31336.26,1,4,NY,critical,323.08,0,0,0,1,2,7,7,0.85
concert,1.35,12.27,16,1,3,1,0,0,21865.14,0,1,IL,high,196.32,10268,0,0,0,1,18,7,1.0
sports,1.18,5.87,10,2,3,0,0,0,7564.07,1,4,TX,medium,58.7,7483,0,1,0,3,14,2,0.9
retail_lp,1.35,6.69,2,2,1,1,0,0,1274.77,0,2,CA,high,13.38,668,0,1,0,2,6,3,0.65
tech_summit,1.35,8.15,4,2,2,1,0,0,5013.17,0,2,NV,high,32.6,991,0,1,1,4,7,3,0.55
music_festival,1.45,13.27,60,1,3,1,0,0,116462.77,1,5,CA,high,796.2,6975,1,0,1,2,23,6,1.0
retail_lp,1.35,8.01,5,1,3,1,0,0,2617.46,1,3,CA,high,40.05,380,0,0,1,3,10,3,0.65
social_wedding,1.45,4.06,1,2,3,1,0,0,511.61,1,4,CA,high,4.06,173,0,1,1,3,6,2,0.35
concert,1.35,6.41,33,1,2,1,0,0,23559.15,1,5,IL,high,211.53,6255,1,0,0,0,23,3,1.0
vip_protection,1.5,52.42,2,3,1,1,0,0,45998.55,1,5,NY,critical,104.84,32,0,1,0,4,7,5,0.55
concert,1.35,7.86,17,2,1,1,0,0,22495.76,1,5,MA,high,133.62,12877,0,1,0,4,21,5,1.0
retail_lp,1.5,10.66,5,1,2,1,0,0,3517.8,1,3,NY,critical,53.3,952,0,0,0,1,15,8,0.75
music_festival,1.45,25.21,13,2,3,1,1,0,73924.34,1,3,DC,critical,327.73,42277,0,1,0,5,21,3,1.0
vip_protection,1.35,4.3,2,3,1,1,1,0,4031.61,1,5,CA,high,8.6,5,1,1,1,5,23,10,0.7
retail_lp,1.15,6.55,2,2,2,1,0,0,1065.58,1,4,TX,medium,13.1,77,0,1,0,2,7,11,0.55
industrial,1.15,41.15,3,2,2,1,0,0,13649.6,1,4,CO,medium,123.45,0,0,1,0,4,14,4,0.65
gov_rally,1.3,12.45,77,2,1,1,1,0,182122.75,1,3,FL,high,958.65,18952,0,1,1,6,19,7,1.0
vip_protection,1.2,34.92,2,3,2,1,0,0,23051.49,1,4,GA,medium,69.84,35,0,1,1,2,15,1,0.35
retail_lp,1.3,11.66,4,2,2,1,0,0,4570.1,0,3,FL,high,46.64,228,0,1,1,4,20,10,0.65
social_wedding,1.35,7.38,3,1,3,1,0,0,1404.78,1,3,IL,high,22.14,351,0,0,0,2,7,9,0.35
industrial,1.2,52.47,2,1,3,1,0,0,7508.46,0,2,GA,medium,104.94,0,0,0,0,4,8,4,0.65
industrial,1.18,133.09,1,1,3,1,0,0,9363.88,1,4,TX,medium,133.09,0,0,0,0,3,10,3,0.65
vip_protection,1.45,32.94,3,3,2,1,0,1,50079.63,1,5,CA,high,98.82,11,0,1,0,2,20,9,0.65
retail_lp,1.4,11.92,3,1,2,1,1,0,2676.15,1,4,NY,critical,35.76,964,0,0,1,5,15,3,0.85
vip_protection,1.3,27.61,1,3,2,1,0,1,12603.76,1,5,FL,high,27.61,9,0,1,0,1,6,12,0.65
retail_lp,1.4,7.16,4,1,3,0,0,0,1860.45,1,4,NY,critical,28.64,538,1,0,0,3,22,5,0.9
corporate,1.45,7.03,4,1,1,1,1,0,2450.6,1,4,DC,critical,28.12,481,0,0,0,6,19,9,0.65
sports,1.2,8.76,14,1,2,1,0,0,11506.1,0,1,GA,medium,122.64,75439,0,0,1,0,10,6,1.0
retail_lp,1.5,7.07,5,1,3,1,1,0,2962.38,1,5,NY,critical,35.35,894,0,0,1,6,20,6,0.85
industrial,1.45,96.99,4,2,2,1,0,0,55681.84,1,5,DC,critical,387.96,0,0,1,0,3,9,11,0.85
industrial,1.35,38.96,3,2,2,0,0,0,16197.99,1,5,NV,high,116.88,0,1,1,1,2,23,3,0.9
gov_rally,1.2,8.36,49,2,1,1,1,0,70316.84,1,4,GA,medium,409.64,23997,0,1,0,5,16,12,1.0
tech_summit,1.1,9.56,5,3,2,1,1,0,8581.2,1,5,AZ,low,47.8,1080,0,1,0,6,10,1,0.45
gov_rally,1.1,10.87,65,2,2,1,0,0,104000.63,1,4,AZ,low,706.55,13674,0,1,0,3,14,9,1.0
social_wedding,1.2,7.41,3,2,1,0,0,0,2020.71,1,4,GA,medium,22.23,349,0,1,0,4,14,1,0.25
gov_rally,1.15,6.99,65,2,1,1,1,0,79672.92,1,5,CO,medium,454.35,21362,0,1,1,6,16,6,1.0
gov_rally,1.15,8.1,21,2,1,0,0,0,26036.78,1,4,CO,medium,170.1,12674,0,1,0,3,14,12,1.0
vip_protection,1.35,41.76,3,3,2,1,0,0,48030.04,1,4,IL,high,125.28,42,0,1,1,1,18,3,0.45
social_wedding,1.3,7.48,3,1,1,0,0,0,1312.74,1,5,WA,medium,22.44,231,0,0,0,2,16,8,0.25
social_wedding,1.15,7.82,4,2,3,1,0,0,2748.34,1,4,TX,medium,31.28,63,0,1,0,3,9,10,0.25
retail_lp,1.3,10.42,1,1,1,1,0,0,552.68,1,5,WA,medium,10.42,408,0,0,0,4,7,8,0.55
industrial,1.15,71.09,2,2,1,1,1,0,17514.56,1,4,CO,medium,142.18,0,0,1,0,5,6,10,0.75
social_wedding,1.1,7.57,2,3,1,1,1,0,1913.09,1,5,AZ,low,15.14,83,0,1,0,6,8,5,0.25
vip_protection,1.3,8.25,3,3,2,1,0,0,9116.66,1,5,FL,high,24.75,19,0,1,0,2,10,10,0.45
vip_protection,1.18,23.31,4,3,1,1,0,0,30119.32,1,4,TX,medium,93.24,12,0,1,0,0,9,7,0.35
sports,1.35,8.97,6,3,3,1,0,0,11821.37,0,2,CA,high,53.82,44422,0,1,1,0,10,5,1.0
sports,1.15,7.78,23,2,3,1,1,1,28842.76,1,5,TX,medium,178.94,44341,0,1,0,6,19,6,1.0
retail_lp,1.35,6.88,2,1,3,1,0,0,917.62,1,4,CA,high,13.76,316,0,0,1,2,21,4,0.65
industrial,1.2,145.64,1,1,3,1,0,0,11010.38,1,4,GA,medium,145.64,0,1,0,0,1,23,10,0.8
gov_rally,1.15,8.68,41,2,3,0,0,0,54473.66,0,2,CO,medium,355.88,15923,0,1,0,3,9,11,1.0
industrial,1.35,34.96,1,2,1,1,0,0,4571.62,0,2,IL,high,34.96,0,0,1,0,4,18,4,0.75
gov_rally,1.15,10.96,75,1,3,1,0,0,82241.1,0,2,TX,medium,822.0,20227,0,0,0,1,8,7,1.0
music_festival,1.5,15.85,38,2,1,1,1,0,140138.65,1,4,NY,critical,602.3,31949,1,1,0,5,22,8,1.0
industrial,1.35,132.39,2,1,2,0,1,0,24755.41,0,1,IL,high,264.78,0,0,0,0,6,7,9,0.85
corporate,1.15,11.4,4,1,1,1,0,0,2587.91,1,5,CO,medium,45.6,746,0,0,0,0,6,10,0.35
industrial,1.3,52.52,1,1,2,1,0,0,4070.96,1,3,WA,medium,52.52,0,0,0,0,0,16,3,0.65
industrial,1.45,91.37,2,2,1,1,0,0,26357.7,1,4,DC,critical,182.74,0,0,1,1,1,6,6,0.85
sports,1.45,5.78,19,1,1,0,1,0,12382.42,1,4,CA,high,109.82,76426,0,0,0,5,6,4,1.0
concert,1.15,13.74,34,1,1,0,0,0,46531.8,1,4,TX,medium,467.16,14151,0,0,1,0,9,5,1.0
retail_lp,1.1,11.16,2,1,2,0,0,0,962.44,1,4,AZ,low,22.32,889,0,0,0,4,15,3,0.45
corporate,1.15,5.12,1,1,3,1,1,0,327.17,0,1,CO,medium,5.12,400,0,0,0,5,18,5,0.45
social_wedding,1.18,4.33,2,1,1,1,0,0,459.85,1,4,TX,medium,8.66,181,0,0,0,2,15,9,0.25
music_festival,1.15,10.62,10,2,1,1,0,0,17986.96,1,4,TX,medium,106.2,33477,0,1,0,3,6,8,1.0
concert,1.45,6.09,29,1,2,1,0,0,23011.97,0,3,DC,critical,176.61,7796,0,0,1,0,9,12,1.0
vip_protection,1.1,29.35,1,3,3,1,0,1,10688.22,0,2,AZ,low,29.35,33,0,1,1,1,20,12,0.45
corporate,1.35,7.33,2,2,2,1,0,0,1638.51,0,3,CA,high,14.66,515,0,1,0,3,10,7,0.45
social_wedding,1.1,4.52,4,1,3,1,0,0,855.18,1,5,AZ,low,18.08,307,0,0,0,2,21,6,0.15
gov_rally,1.18,10.7,58,1,1,1,0,0,63710.8,1,4,TX,medium,620.6,19923,0,0,0,3,21,11,1.0
vip_protection,1.45,6.83,2,3,3,1,1,0,6265.88,1,4,CA,high,13.66,50,0,1,0,6,10,5,0.55
sports,1.5,8.4,6,1,2,0,0,0,5443.2,1,5,NY,critical,50.4,63529,0,0,0,2,20,7,1.0
corporate,1.45,5.73,4,1,2,0,0,0,1969.89,1,4,CA,high,22.92,829,0,0,1,1,21,6,0.45
corporate,1.15,7.82,2,1,2,0,0,0,887.61,1,4,CO,medium,15.64,679,0,0,0,0,16,12,0.35
industrial,1.45,27.03,3,1,2,1,0,0,7539.85,0,1,DC,critical,81.09,0,0,0,0,4,20,8,0.85
concert,1.15,11.0,21,1,3,1,1,0,23669.41,1,5,CO,medium,231.0,23260,0,0,0,5,21,1,1.0
music_festival,1.45,19.73,24,1,1,1,1,0,73984.2,0,1,DC,critical,473.52,11440,0,0,1,6,18,12,1.0
industrial,1.5,70.05,4,2,2,1,0,0,41688.45,0,2,NY,critical,280.2,0,0,1,1,0,14,6,0.85
industrial,1.5,56.43,1,3,3,1,0,0,11936.46,1,5,NY,critical,56.43,0,0,1,1,4,21,2,0.85
tech_summit,1.3,8.51,4,1,2,1,0,0,3363.17,0,1,FL,high,34.04,1845,0,0,1,2,15,8,0.55
tech_summit,1.18,8.88,3,1,1,1,0,0,2117.95,1,4,TX,medium,26.64,1716,0,0,0,1,18,9,0.45
sports,1.3,4.45,5,1,1,1,0,0,2407.6,1,3,WA,medium,22.25,66446,0,0,1,2,15,8,1.0
gov_rally,1.3,6.83,27,2,1,1,0,0,31476.02,1,5,WA,medium,184.41,1420,0,1,0,0,14,10,1.0
concert,1.18,12.73,7,1,3,0,1,0,9368.85,0,2,TX,medium,89.11,6892,0,0,0,5,15,7,1.0
vip_protection,1.1,59.12,4,3,2,1,1,0,77500.51,0,1,AZ,low,236.48,20,0,1,1,6,10,3,0.35
industrial,1.1,154.33,3,1,2,1,1,0,32795.67,1,5,AZ,low,462.99,0,0,0,0,6,18,2,0.65
corporate,1.3,8.06,1,1,1,1,1,0,582.22,1,5,WA,medium,8.06,946,0,0,0,5,9,3,0.45
retail_lp,1.35,7.38,3,2,1,1,1,0,2558.44,1,5,IL,high,22.14,595,0,1,1,5,10,6,0.75
tech_summit,1.15,10.26,5,1,3,1,0,0,3974.79,1,4,CO,medium,51.3,1109,0,0,0,4,18,2,0.45
gov_rally,1.35,12.97,35,2,3,1,0,0,80148.28,1,4,NV,high,453.95,5241,0,1,0,1,20,2,1.0
industrial,1.3,72.97,4,1,2,1,0,0,24758.72,0,2,FL,high,291.88,0,1,0,0,0,22,3,0.9
retail_lp,1.18,9.32,1,2,3,1,0,0,838.51,1,4,TX,medium,9.32,194,0,1,1,0,14,10,0.55
gov_rally,1.3,9.35,48,2,2,1,0,0,76603.43,1,3,WA,medium,448.8,3927,0,1,0,1,7,9,1.0
tech_summit,1.15,8.01,5,1,3,1,1,0,3488.16,1,4,TX,medium,40.05,951,0,0,0,6,15,4,0.55
social_wedding,1.35,5.59,3,1,2,1,0,0,1131.97,1,4,MA,high,16.77,196,1,0,0,0,22,1,0.5
corporate,1.15,9.23,2,2,1,0,0,0,1876.61,1,4,TX,medium,18.46,760,0,1,1,4,19,7,0.35
social_wedding,1.5,6.26,2,2,3,1,1,0,1639.83,1,5,NY,critical,12.52,194,0,1,0,6,10,12,0.55
music_festival,1.3,25.27,21,2,3,1,0,0,100356.33,1,3,FL,high,530.67,34414,1,1,0,0,23,4,1.0
retail_lp,1.35,6.55,1,2,3,1,1,0,764.8,1,3,MA,high,6.55,469,0,1,1,6,9,11,0.75
social_wedding,1.15,4.33,3,3,2,1,0,0,1578.29,1,4,CO,medium,12.99,259,0,1,0,4,9,4,0.25
social_wedding,1.15,6.27,4,1,1,1,0,0,1297.89,0,3,TX,medium,25.08,265,0,0,0,2,15,7,0.25
tech_summit,1.35,10.42,7,1,1,1,0,0,7311.32,0,3,CA,high,72.94,1400,1,0,0,2,22,2,0.7
music_festival,1.35,12.59,8,2,2,1,0,0,19710.27,1,4,CA,high,100.72,46002,0,1,0,1,8,8,1.0
industrial,1.15,87.31,1,1,2,1,0,0,6051.74,1,4,CO,medium,87.31,0,0,0,1,4,6,10,0.65
sports,1.3,7.32,11,1,3,1,0,0,8251.67,1,5,FL,high,80.52,66233,0,0,1,2,9,12,1.0
vip_protection,1.3,40.17,4,3,3,1,0,1,70706.83,1,5,WA,medium,160.68,3,0,1,0,0,14,5,0.55
retail_lp,1.4,9.82,1,2,3,1,1,0,1153.04,1,3,NY,critical,9.82,869,1,1,0,6,23,12,1.0
concert,1.3,7.56,22,1,3,1,0,0,17837.82,1,3,FL,high,166.32,23696,0,0,0,1,6,7,1.0
industrial,1.15,158.46,2,1,2,1,0,0,21730.81,0,3,TX,medium,316.92,0,0,0,0,3,14,2,0.65
gov_rally,1.3,8.96,43,1,2,1,0,0,46370.17,0,3,WA,medium,385.28,18594,0,0,1,1,7,5,1.0
gov_rally,1.2,7.3,73,2,2,1,0,0,84699.13,1,4,GA,medium,532.9,11639,0,1,0,3,21,2,1.0
social_wedding,1.18,7.94,2,2,1,1,0,0,1554.2,1,5,TX,medium,15.88,102,0,1,1,1,9,4,0.25
gov_rally,1.5,9.76,49,2,3,1,0,0,92862.25,1,4,NY,critical,478.24,5979,0,1,0,1,10,8,1.0
corporate,1.35,7.52,4,2,1,1,0,1,4329.64,1,5,CA,high,30.08,600,1,1,0,3,22,2,0.8
concert,1.35,7.34,28,1,2,1,0,0,22889.79,1,3,MA,high,205.52,22460,0,0,0,0,7,8,1.0
vip_protection,1.45,51.39,2,3,3,1,0,0,42013.89,1,5,CA,high,102.78,1,0,1,0,2,20,10,0.45
retail_lp,1.35,9.83,2,1,1,1,1,0,1401.63,1,4,CA,high,19.66,508,0,0,1,6,16,11,0.75
sports,1.45,7.19,24,1,2,1,1,0,19456.49,1,3,CA,high,172.56,25599,0,0,0,5,16,2,1.0
social_wedding,1.35,5.06,4,2,2,1,0,0,2208.69,0,3,IL,high,20.24,291,1,1,0,0,22,2,0.5
social_wedding,1.15,5.17,1,2,3,1,1,0,507.93,1,4,TX,medium,5.17,310,0,1,0,6,8,7,0.35
corporate,1.35,11.59,4,1,1,1,1,0,3619.6,1,4,IL,high,46.36,150,0,0,0,6,18,7,0.55
gov_rally,1.45,12.63,60,2,1,1,0,0,142695.63,1,5,DC,critical,757.8,4316,0,1,0,4,20,5,1.0
retail_lp,1.18,10.79,5,1,2,1,0,0,2597.37,0,2,TX,medium,53.95,164,0,0,0,2,16,2,0.55
music_festival,1.45,24.49,58,2,1,1,0,1,341163.13,1,4,CA,high,1420.42,10640,0,1,0,3,9,8,1.0
industrial,1.4,51.99,1,1,3,0,0,0,4667.4,1,4,NY,critical,51.99,0,0,0,0,3,10,6,0.85
gov_rally,1.2,10.94,24,1,3,1,1,0,31288.97,0,1,GA,medium,262.56,21821,0,0,1,5,19,5,1.0
vip_protection,1.5,49.07,4,3,2,0,0,0,86377.85,1,5,NY,critical,196.28,37,0,1,1,1,18,6,0.55
corporate,1.1,5.06,1,1,1,0,0,1,329.33,1,5,AZ,low,5.06,87,0,0,0,3,10,1,0.45
vip_protection,1.35,46.65,1,3,3,1,0,0,17877.14,0,2,IL,high,46.65,6,0,1,1,4,16,8,0.45
vip_protection,1.45,38.43,3,3,2,1,0,0,49161.55,1,5,DC,critical,115.29,49,0,1,1,2,15,9,0.55
gov_rally,1.35,8.4,34,2,3,1,0,0,50424.82,1,3,IL,high,285.6,22769,0,1,0,1,20,12,1.0
corporate,1.2,9.52,3,1,2,1,0,0,1799.28,0,1,GA,medium,28.56,458,1,0,0,3,22,10,0.5
tech_summit,1.3,8.43,5,1,3,1,0,0,3691.81,1,4,WA,medium,42.15,652,0,0,0,4,10,12,0.45
social_wedding,1.35,5.48,3,1,3,1,0,0,1238.12,0,1,CA,high,16.44,204,0,0,1,1,18,2,0.35
corporate,1.2,5.3,3,2,1,1,0,0,1557.36,1,5,GA,medium,15.9,783,0,1,0,0,14,2,0.35
concert,1.3,11.81,21,1,1,0,0,0,27964.07,0,1,FL,high,248.01,22518,1,0,1,2,22,1,1.0
corporate,1.35,9.86,1,1,1,0,1,0,840.03,0,1,NV,high,9.86,433,0,0,1,6,10,6,0.55
music_festival,1.3,34.7,28,1,3,1,0,0,123150.3,0,2,FL,high,971.6,11019,1,0,0,3,23,7,1.0
social_wedding,1.2,4.26,2,2,1,1,1,0,866.24,1,5,GA,medium,8.52,113,0,1,0,6,9,9,0.35
tech_summit,1.35,13.96,6,1,2,1,0,0,7929.45,1,5,IL,high,83.76,1057,0,0,0,1,8,12,0.55
retail_lp,1.35,11.85,3,1,3,1,0,0,2034.88,1,4,IL,high,35.55,66,0,0,0,0,18,3,0.65
music_festival,1.5,39.72,56,2,1,1,1,0,517538.1,1,5,NY,critical,2224.32,40808,0,1,0,5,18,3,1.0
sports,1.45,9.04,4,1,1,0,1,0,4009.16,1,3,CA,high,36.16,3314,0,0,0,5,7,9,0.95
gov_rally,1.45,8.37,49,2,1,1,0,0,80413.5,0,2,CA,high,410.13,9670,1,1,1,1,23,3,1.0
retail_lp,1.35,4.49,4,1,2,0,1,0,1152.17,0,1,NV,high,17.96,398,0,0,0,5,15,1,0.75
vip_protection,1.15,20.52,4,3,3,1,1,0,29069.37,1,5,CO,medium,82.08,10,0,1,0,6,20,4,0.45
concert,1.18,13.95,7,2,1,1,0,0,15046.11,1,4,TX,medium,97.65,24278,0,1,1,4,7,8,1.0
social_wedding,1.35,5.41,4,1,1,1,0,0,1460.7,1,5,MA,high,21.64,334,1,0,0,4,23,9,0.5
tech_summit,1.4,12.52,7,1,3,1,1,0,10512.6,1,3,NY,critical,87.64,1683,0,0,1,6,21,10,0.75
vip_protection,1.18,40.31,1,3,1,1,0,0,13021.34,1,5,TX,medium,40.31,42,0,1,0,4,10,2,0.35
concert,1.35,8.56,33,1,3,1,1,1,41738.91,0,2,CA,high,282.48,8152,0,0,1,6,21,3,1.0
tech_summit,1.5,13.39,3,1,2,1,0,1,5655.11,1,5,NY,critical,40.17,916,0,0,1,2,10,12,0.85
retail_lp,1.4,10.9,3,2,1,0,1,0,3679.36,1,5,NY,critical,32.7,171,0,1,0,5,19,11,0.85
tech_summit,1.3,13.18,7,2,1,1,1,0,14537.16,1,3,FL,high,92.26,1304,0,1,0,5,9,9,0.65
gov_rally,1.35,9.77,38,2,1,1,0,1,75381.05,1,5,MA,high,371.26,11307,0,1,0,0,6,4,1.0
social_wedding,1.15,4.07,2,1,2,1,0,0,421.25,1,4,CO,medium,8.14,323,0,0,0,3,6,6,0.25
industrial,1.2,49.67,3,2,2,0,0,0,17075.43,1,4,GA,medium,149.01,0,0,1,0,3,7,3,0.65
concert,1.45,7.95,19,2,1,1,0,0,27112.53,1,4,DC,critical,151.05,2769,1,1,0,3,22,12,1.0
sports,1.5,4.67,15,1,3,1,0,0,7565.4,1,5,NY,critical,70.05,34200,0,0,0,0,8,6,1.0
vip_protection,1.35,34.74,3,3,1,1,1,0,44648.79,1,5,NV,high,104.22,12,0,1,0,6,18,7,0.55
corporate,1.35,8.49,3,1,2,1,1,0,1988.59,1,5,IL,high,25.47,461,0,0,0,6,20,4,0.55
vip_protection,1.35,60.14,1,3,2,1,0,0,22962.96,1,5,NV,high,60.14,13,0,1,0,0,9,8,0.45
vip_protection,1.3,31.96,3,3,3,1,1,0,39623.56,1,5,FL,high,95.88,3,0,1,0,5,8,11,0.55
tech_summit,1.3,8.99,3,2,3,1,0,0,3869.72,1,5,WA,medium,26.97,1355,1,1,0,4,23,1,0.6
vip_protection,1.35,43.51,2,3,2,1,0,0,33226.41,1,4,MA,high,87.02,21,0,1,0,4,20,4,0.45
music_festival,1.15,44.57,10,2,1,1,0,0,73238.82,0,2,CO,medium,445.7,2202,0,1,0,3,6,7,0.9
vip_protection,1.4,12.81,1,3,1,0,0,0,5326.07,1,5,NY,critical,12.81,27,0,1,1,0,19,12,0.55
industrial,1.35,153.01,3,1,2,1,0,0,38343.35,0,3,MA,high,459.03,0,0,0,0,3,10,7,0.75
vip_protection,1.2,16.91,1,3,2,1,0,0,5549.86,1,5,GA,medium,16.91,25,0,1,0,3,18,9,0.35
retail_lp,1.15,5.5,3,2,2,1,0,0,1342.14,1,4,CO,medium,16.5,63,0,1,0,0,21,10,0.55
industrial,1.4,167.15,1,3,2,1,0,0,33085.48,1,5,NY,critical,167.15,0,0,1,1,4,9,3,0.85
music_festival,1.4,47.27,26,1,2,1,1,1,208359.45,1,3,NY,critical,1229.02,1561,0,0,0,6,19,6,1.0
music_festival,1.35,14.97,32,1,2,1,0,0,63053.64,1,3,CA,high,479.04,34113,0,0,0,0,15,9,1.0
vip_protection,1.35,55.29,2,3,3,1,1,0,47373.47,1,5,IL,high,110.58,31,0,1,0,6,6,6,0.55
music_festival,1.4,14.32,45,2,1,1,0,0,130346.01,0,3,NY,critical,644.4,40221,0,1,0,2,6,3,1.0
music_festival,1.2,39.54,20,2,3,1,0,0,139141.26,0,2,GA,medium,790.8,28740,0,1,0,4,21,3,1.0
corporate,1.35,9.93,4,1,3,1,1,0,3381.97,0,1,MA,high,39.72,715,0,0,1,6,14,4,0.55
music_festival,1.5,27.13,30,2,3,1,0,1,201646.27,0,2,NY,critical,813.9,6327,1,1,0,4,22,2,1.0
gov_rally,1.3,10.49,73,1,3,0,1,0,93537.27,1,3,FL,high,765.77,24977,0,0,0,5,10,9,1.0
concert,1.3,12.86,29,2,1,1,0,0,62594.97,1,4,WA,medium,372.94,23445,0,1,1,4,19,10,1.0
retail_lp,1.18,9.72,4,2,2,1,0,0,3226.82,1,5,TX,medium,38.88,836,0,1,0,1,14,5,0.55
vip_protection,1.5,45.82,2,3,3,1,0,0,40207.05,1,5,NY,critical,91.64,35,0,1,0,1,10,12,0.55
concert,1.2,6.02,34,1,2,1,1,0,24271.19,1,5,GA,medium,204.68,14036,0,0,1,6,19,5,1.0
music_festival,1.15,46.31,45,2,2,0,0,0,352956.01,0,1,TX,medium,2083.95,48583,0,1,0,4,20,12,1.0
industrial,1.5,107.3,1,1,2,1,1,0,11537.7,1,3,NY,critical,107.3,0,0,0,0,5,8,8,0.95
corporate,1.15,9.47,1,2,1,1,0,0,896.01,1,5,CO,medium,9.47,284,0,1,0,0,8,1,0.35
corporate,1.3,5.59,3,1,3,1,0,0,1270.88,1,4,WA,medium,16.77,862,0,0,1,2,9,1,0.35
retail_lp,1.3,7.33,3,1,1,1,0,0,1166.35,1,3,WA,medium,21.99,839,0,0,0,0,20,6,0.55
music_festival,1.3,27.63,20,1,1,1,0,0,70042.05,0,2,WA,medium,552.6,42728,0,0,0,4,14,10,1.0
gov_rally,1.35,9.37,15,1,1,1,1,1,20502.44,1,5,NV,high,140.55,2705,0,0,0,6,9,6,1.0
gov_rally,1.35,13.38,29,1,3,1,0,0,45572.95,0,2,NV,high,388.02,2887,0,0,0,4,9,5,1.0
corporate,1.3,10.51,5,1,1,1,0,0,3514.81,1,3,FL,high,52.55,128,0,0,0,0,10,12,0.45
tech_summit,1.1,11.86,6,2,3,1,1,0,9072.62,1,5,AZ,low,71.16,417,0,1,0,5,19,12,0.45
music_festival,1.45,23.64,52,2,2,1,0,0,256742.81,1,5,DC,critical,1229.28,41463,0,1,0,1,6,2,1.0
industrial,1.3,19.53,4,2,1,1,0,0,9840.78,1,4,WA,medium,78.12,0,0,1,1,0,20,3,0.65
tech_summit,1.3,11.01,3,1,3,1,0,1,3598.56,1,5,WA,medium,33.03,971,0,0,0,0,7,3,0.65
concert,1.35,7.65,28,1,3,0,1,0,25765.05,1,5,CA,high,214.2,19276,0,0,0,5,15,1,1.0
corporate,1.35,8.24,3,3,3,1,0,0,4073.94,1,5,CA,high,24.72,196,0,1,1,3,21,8,0.45
corporate,1.15,10.2,5,1,3,1,1,0,3258.95,1,5,CO,medium,51.0,486,0,0,0,5,7,3,0.45
concert,1.5,7.81,12,1,1,1,0,0,11597.85,0,2,NY,critical,93.72,16829,0,0,0,4,9,11,1.0
concert,1.45,13.12,17,2,1,1,0,0,39433.96,0,3,CA,high,223.04,3364,0,1,0,3,19,10,0.95
industrial,1.45,10.94,1,3,1,1,1,0,2486.95,1,5,DC,critical,10.94,0,0,1,0,6,10,10,0.95
retail_lp,1.4,9.3,1,1,1,1,0,0,572.88,1,4,NY,critical,9.3,156,0,0,0,0,10,2,0.75
corporate,1.4,9.33,1,1,1,1,1,0,785.05,1,5,NY,critical,9.33,165,0,0,0,6,7,1,0.65
corporate,1.4,9.84,3,1,3,1,0,0,2213.11,1,4,NY,critical,29.52,677,0,0,0,4,8,2,0.55
tech_summit,1.35,13.34,7,1,3,1,0,0,8840.17,0,2,CA,high,93.38,629,0,0,0,3,21,10,0.55
corporate,1.1,10.78,2,1,3,0,0,0,1120.58,0,1,AZ,low,21.56,355,0,0,0,3,8,1,0.25
gov_rally,1.18,7.18,20,2,2,1,0,0,22486.47,0,2,TX,medium,143.6,6532,0,1,0,1,19,4,1.0
concert,1.15,12.5,16,1,1,0,1,0,20493.0,1,4,TX,medium,200.0,22629,1,0,0,5,23,7,1.0
retail_lp,1.4,7.12,1,2,3,1,0,0,720.26,1,5,NY,critical,7.12,965,0,1,0,3,21,10,0.75
music_festival,1.45,11.6,24,2,2,0,0,1,68661.42,1,4,CA,high,278.4,23713,1,1,1,3,22,3,1.0
retail_lp,1.35,7.98,2,1,2,1,0,0,1043.55,1,4,MA,high,15.96,393,0,0,1,2,14,12,0.65
concert,1.45,12.29,9,1,2,1,0,0,13231.72,1,4,CA,high,110.61,21121,0,0,0,2,18,4,1.0
retail_lp,1.18,7.67,3,2,3,1,1,0,2336.42,1,4,TX,medium,23.01,94,0,1,1,5,15,9,0.65
tech_summit,1.1,8.27,7,1,2,1,0,0,4377.93,1,3,AZ,low,57.89,1263,1,0,0,0,23,2,0.5
corporate,1.1,8.12,2,2,1,0,0,0,1431.82,1,4,AZ,low,16.24,375,0,1,0,0,14,8,0.25
sports,1.45,7.83,10,1,1,0,0,0,8174.52,0,3,CA,high,78.3,56364,0,0,0,0,6,4,1.0
industrial,1.45,121.51,3,1,3,1,0,0,33894.46,0,3,DC,critical,364.53,0,0,0,0,3,9,10,0.85
gov_rally,1.5,11.43,62,2,1,1,1,0,148612.38,0,2,NY,critical,708.66,14560,0,1,0,6,16,4,1.0
music_festival,1.4,40.47,36,2,3,1,0,0,294698.49,0,1,NY,critical,1456.92,29725,0,1,0,0,10,2,1.0
social_wedding,1.18,4.05,4,1,3,1,0,0,860.22,1,4,TX,medium,16.2,230,0,0,0,0,6,11,0.25
sports,1.35,7.19,22,1,1,1,1,1,19095.87,1,5,NV,high,158.18,37225,0,0,0,6,19,4,1.0
concert,1.2,9.89,13,3,1,1,1,0,29534.59,1,5,GA,medium,128.57,3494,0,1,0,5,7,10,0.95
industrial,1.35,104.25,2,2,3,1,0,0,27264.96,0,2,MA,high,208.5,0,0,1,0,2,7,8,0.75
tech_summit,1.4,8.56,3,1,2,1,0,0,2620.0,1,5,NY,critical,25.68,1938,0,0,0,0,6,4,0.65
music_festival,1.1,14.82,19,1,2,1,0,0,30199.45,0,3,AZ,low,281.58,37529,0,0,0,2,18,6,1.0
gov_rally,1.45,7.76,48,2,3,1,1,0,79119.63,0,2,DC,critical,372.48,17709,0,1,1,6,18,5,1.0
vip_protection,1.2,71.81,2,3,1,1,0,0,47266.08,1,5,GA,medium,143.62,46,0,1,1,0,21,7,0.35
corporate,1.35,5.54,3,1,2,1,0,0,1420.06,1,4,CA,high,16.62,165,1,0,1,4,22,4,0.6
corporate,1.15,11.15,1,1,1,1,1,0,826.32,1,5,CO,medium,11.15,189,1,0,1,6,22,6,0.6
music_festival,1.35,26.34,15,2,3,1,1,0,84557.09,1,5,IL,high,395.1,15123,0,1,1,6,8,5,1.0
gov_rally,1.3,6.38,31,1,3,1,0,0,22368.92,0,2,FL,high,197.78,7636,0,0,0,2,10,1,1.0
corporate,1.18,9.25,3,2,1,1,0,0,2681.05,0,2,TX,medium,27.75,682,0,1,0,3,18,10,0.35
sports,1.45,7.99,22,2,2,1,1,0,30173.55,1,5,DC,critical,175.78,43564,0,1,0,6,10,9,1.0
tech_summit,1.35,12.72,3,1,1,1,0,0,3612.56,1,5,CA,high,38.16,646,0,0,0,3,18,6,0.55
tech_summit,1.4,8.36,7,1,3,1,0,0,5970.5,0,3,NY,critical,58.52,921,0,0,0,4,19,9,0.65
tech_summit,1.3,11.16,3,1,3,1,0,0,3426.66,1,4,FL,high,33.48,1647,1,0,1,1,22,12,0.7
gov_rally,1.3,10.49,38,2,3,0,1,0,73481.53,1,5,WA,medium,398.62,13876,0,1,0,5,20,9,1.0
vip_protection,1.3,16.77,4,3,2,1,0,0,24708.92,1,4,FL,high,67.08,35,0,1,0,0,8,5,0.45
concert,1.15,12.22,15,1,2,1,0,0,17390.59,0,2,CO,medium,183.3,17089,0,0,0,0,10,3,1.0
industrial,1.4,110.31,4,2,1,1,0,0,61678.95,1,4,NY,critical,441.24,0,0,1,1,4,14,8,0.85
gov_rally,1.3,9.18,22,2,2,1,1,0,37229.27,1,5,WA,medium,201.96,6559,0,1,0,6,19,11,1.0
gov_rally,1.15,12.21,36,2,3,1,0,0,67282.35,0,1,TX,medium,439.56,3600,0,1,0,0,19,12,1.0
vip_protection,1.45,63.74,1,3,3,1,0,0,27071.97,1,4,DC,critical,63.74,5,0,1,0,3,16,1,0.55
industrial,1.15,133.2,1,2,1,1,1,0,16408.35,1,4,TX,medium,133.2,0,0,1,0,5,15,10,0.75
vip_protection,1.35,21.34,2,3,1,1,1,0,18284.5,1,4,NV,high,42.68,47,0,1,0,5,19,3,0.55
gov_rally,1.35,12.54,71,1,1,1,0,0,109185.43,0,3,MA,high,890.34,19497,0,0,1,2,16,1,1.0
corporate,1.35,11.3,5,1,1,0,0,0,4249.35,1,4,CA,high,56.5,837,0,0,1,2,10,2,0.45
industrial,1.5,90.08,1,1,2,1,1,0,9686.08,1,5,NY,critical,90.08,0,0,0,0,5,19,4,0.95
music_festival,1.45,43.14,12,2,2,1,0,0,108900.7,1,3,DC,critical,517.68,8799,0,1,1,0,21,8,1.0
concert,1.35,6.36,15,1,1,1,0,0,10448.09,0,3,MA,high,95.4,2108,0,0,0,0,19,2,0.95
tech_summit,1.2,12.35,5,2,3,1,0,0,8264.0,0,1,GA,medium,61.75,502,1,1,0,1,22,7,0.6
social_wedding,1.15,5.6,1,2,3,1,1,0,550.17,1,4,CO,medium,5.6,356,0,1,0,5,18,3,0.35
music_festival,1.5,8.55,40,2,1,1,0,0,73679.62,1,3,NY,critical,342.0,28386,0,1,0,0,10,7,1.0
social_wedding,1.45,4.41,3,1,3,1,0,0,901.62,1,5,CA,high,13.23,390,0,0,0,0,16,8,0.35
music_festival,1.3,16.0,28,2,2,0,0,0,86542.4,1,3,WA,medium,448.0,20511,0,1,1,4,14,1,1.0
industrial,1.3,154.38,1,1,3,0,1,0,13899.06,1,5,FL,high,154.38,0,0,0,0,6,9,4,0.85
sports,1.45,6.73,25,2,2,1,0,0,28366.65,1,4,DC,critical,168.25,18356,1,1,1,4,23,6,1.0
vip_protection,1.4,49.25,1,3,3,1,0,0,21429.65,1,5,NY,critical,49.25,3,1,1,1,3,22,12,0.7
sports,1.3,7.7,17,2,3,1,0,0,18896.72,1,5,FL,high,130.9,76174,0,1,0,0,16,12,1.0
vip_protection,1.35,54.14,4,3,2,1,0,0,82688.02,0,3,CA,high,216.56,48,0,1,0,0,16,7,0.45
concert,1.18,13.09,9,2,2,1,0,0,17603.46,1,4,TX,medium,117.81,20727,0,1,0,2,18,4,1.0
vip_protection,1.1,38.43,4,3,1,0,0,0,47407.25,0,2,AZ,low,153.72,7,1,1,0,4,22,12,0.4
concert,1.5,11.07,30,2,2,1,0,0,61459.26,1,5,NY,critical,332.1,4993,0,1,0,4,8,12,1.0
industrial,1.35,27.72,3,1,3,1,0,0,6946.46,1,4,CA,high,83.16,0,0,0,0,0,19,1,0.75
gov_rally,1.4,8.71,53,2,2,1,0,0,84215.16,0,3,NY,critical,461.63,11350,0,1,0,0,14,11,1.0
concert,1.15,12.17,34,2,1,1,0,0,61802.59,1,5,TX,medium,413.78,5086,0,1,1,2,18,10,0.952
corporate,1.3,8.3,4,1,1,1,1,0,2496.12,1,5,FL,high,33.2,769,0,0,0,5,6,8,0.55
gov_rally,1.3,11.65,17,1,3,1,0,0,22399.46,0,1,WA,medium,198.05,23671,0,0,0,4,6,2,1.0
vip_protection,1.2,61.07,4,3,3,1,1,0,90068.97,1,5,GA,medium,244.28,25,0,1,0,6,21,11,0.45
social_wedding,1.18,5.9,2,1,3,1,0,0,626.58,1,4,TX,medium,11.8,342,0,0,0,2,20,8,0.25
sports,1.35,7.2,6,2,1,1,1,0,6962.01,1,4,CA,high,43.2,74375,1,1,0,5,23,1,1.0
tech_summit,1.45,8.95,3,2,1,1,0,0,4313.53,1,3,DC,critical,26.85,1310,0,1,0,0,15,12,0.65
tech_summit,1.3,10.83,7,1,3,1,1,0,7463.91,1,4,WA,medium,75.81,1488,0,0,0,6,16,6,0.55
sports,1.5,5.98,23,1,2,1,0,0,16349.32,1,4,NY,critical,137.54,8361,0,0,1,4,15,2,1.0
retail_lp,1.35,6.34,5,1,1,1,0,0,1814.51,1,4,CA,high,31.7,319,0,0,0,4,19,9,0.65
sports,1.3,5.83,18,1,1,1,0,0,9331.26,0,3,FL,high,104.94,3286,0,0,0,0,19,5,0.85
industrial,1.3,15.72,4,1,1,1,0,0,5057.91,1,4,FL,high,62.88,0,0,0,0,1,19,11,0.75
social_wedding,1.3,6.84,2,2,1,1,0,0,1504.63,1,4,FL,high,13.68,112,0,1,1,0,21,5,0.35
vip_protection,1.35,38.51,1,3,2,1,0,0,14704.08,1,4,MA,high,38.51,3,0,1,0,2,15,1,0.45
social_wedding,1.45,6.65,4,1,1,1,0,0,1889.93,1,3,DC,critical,26.6,191,0,0,0,4,19,8,0.45
social_wedding,1.3,4.74,1,2,3,1,1,0,532.37,0,1,FL,high,4.74,382,0,1,0,5,20,7,0.45
social_wedding,1.3,7.07,4,2,2,1,0,0,2742.45,1,3,WA,medium,28.28,226,0,1,0,3,8,10,0.25
gov_rally,1.18,10.29,38,2,2,0,0,0,61230.21,0,3,TX,medium,391.02,21062,1,1,0,0,23,7,1.0
corporate,1.4,11.54,1,2,1,1,1,0,1535.2,1,5,NY,critical,11.54,79,0,1,0,6,10,12,0.65
retail_lp,1.1,11.46,5,3,2,1,0,0,6275.5,1,5,AZ,low,57.3,943,1,1,0,1,22,12,0.6
music_festival,1.3,34.13,31,2,2,1,0,0,200086.7,1,4,FL,high,1058.03,31507,0,1,0,4,19,7,1.0
gov_rally,1.15,9.18,44,1,3,1,1,1,50191.95,0,3,CO,medium,403.92,2942,0,0,0,5,10,7,1.0
vip_protection,1.45,38.8,2,3,3,1,1,0,36932.09,0,3,DC,critical,77.6,25,0,1,0,5,9,3,0.65
sports,1.15,5.51,21,1,2,1,0,0,9580.79,1,5,CO,medium,115.71,56002,0,0,0,3,18,6,1.0
social_wedding,1.1,4.97,3,1,1,1,0,0,705.24,0,1,AZ,low,14.91,240,0,0,0,1,19,2,0.15
sports,1.35,9.22,19,1,3,1,0,0,17027.5,1,3,MA,high,175.18,57553,0,0,0,2,18,9,1.0
vip_protection,1.3,7.94,1,3,3,1,0,0,2924.7,0,1,FL,high,7.94,49,0,1,0,3,16,12,0.45
corporate,1.15,5.92,5,3,1,1,0,0,3892.55,1,5,TX,medium,29.6,743,0,1,0,1,6,4,0.35
tech_summit,1.1,10.65,2,1,3,1,0,0,1514.16,0,2,AZ,low,21.3,1355,0,0,0,0,18,3,0.35
industrial,1.35,70.05,2,1,1,1,0,0,11832.73,1,5,MA,high,140.1,0,0,0,1,0,7,5,0.75
vip_protection,1.5,14.04,4,3,2,1,1,0,27612.19,1,4,NY,critical,56.16,9,0,1,0,5,10,12,0.65
sports,1.35,5.26,21,1,3,1,0,0,10736.71,0,3,IL,high,110.46,21310,0,0,0,3,19,2,1.0
sports,1.2,9.12,13,1,3,1,0,0,10243.58,1,4,GA,medium,118.56,63216,1,0,0,3,22,5,1.0
concert,1.45,9.03,34,2,2,1,0,0,57318.17,1,5,CA,high,307.02,24288,0,1,1,4,19,5,1.0
tech_summit,1.5,9.84,4,1,1,1,0,0,4302.54,1,4,NY,critical,39.36,1351,0,0,0,1,15,7,0.65
retail_lp,1.2,10.57,4,1,2,1,0,0,2070.03,0,2,GA,medium,42.28,295,0,0,0,0,15,1,0.55
industrial,1.35,161.71,1,1,3,1,1,0,15189.16,1,4,NV,high,161.71,0,0,0,1,6,16,4,0.85
music_festival,1.18,16.98,28,1,3,1,0,0,54699.37,1,5,TX,medium,475.44,24752,1,0,0,1,22,11,1.0
concert,1.35,7.7,21,1,3,1,0,0,18009.34,1,3,CA,high,161.7,14640,0,0,0,0,20,5,1.0
tech_summit,1.35,11.46,8,1,3,1,0,0,9189.77,1,4,NV,high,91.68,354,1,0,0,2,22,3,0.7
vip_protection,1.3,20.72,2,3,3,0,0,0,15264.42,1,4,FL,high,41.44,21,0,1,0,4,16,12,0.45
gov_rally,1.4,8.74,65,2,2,1,0,0,107863.48,0,2,NY,critical,568.1,5476,0,1,1,1,20,3,1.0
vip_protection,1.45,5.64,3,3,2,0,0,0,6916.47,1,5,CA,high,16.92,32,0,1,0,1,20,4,0.45
vip_protection,1.15,64.82,4,3,1,1,0,0,82004.5,1,4,CO,medium,259.28,18,0,1,1,3,16,12,0.35
vip_protection,1.45,11.68,3,3,2,1,0,0,14323.48,1,5,CA,high,35.04,37,0,1,0,0,21,6,0.45
sports,1.2,9.14,9,1,1,1,0,0,7532.45,0,2,GA,medium,82.26,9127,0,0,1,4,15,2,0.933
social_wedding,1.4,4.99,4,2,3,1,0,0,2467.78,1,4,NY,critical,19.96,216,0,1,1,2,19,4,0.45
concert,1.1,11.07,22,1,3,1,0,0,22101.26,0,2,AZ,low,243.54,15206,1,0,0,3,22,3,1.0
corporate,1.18,10.3,5,1,1,1,0,0,2999.0,0,1,TX,medium,51.5,894,0,0,0,2,21,10,0.35
sports,1.2,6.28,16,1,2,1,0,0,8572.49,1,3,GA,medium,100.48,10617,0,0,0,0,19,1,0.962
tech_summit,1.35,13.71,7,1,1,1,1,0,10774.17,1,5,IL,high,95.97,1446,1,0,0,5,22,10,0.8
concert,1.15,13.7,12,1,1,1,0,0,16377.45,1,5,TX,medium,164.4,18229,0,0,1,3,6,6,1.0
corporate,1.35,8.54,4,1,1,1,0,0,2372.67,1,4,CA,high,34.16,168,0,0,0,2,9,2,0.45
corporate,1.35,5.34,4,1,2,1,0,1,1845.43,0,1,CA,high,21.36,991,0,0,0,2,8,12,0.65
concert,1.45,11.63,17,1,1,1,0,0,23651.06,0,3,DC,critical,197.71,2483,0,0,0,1,21,12,1.0
vip_protection,1.3,42.91,4,3,1,1,0,0,66905.27,1,5,FL,high,171.64,44,1,1,0,2,22,10,0.6
social_wedding,1.5,4.38,2,1,1,1,1,0,723.75,1,4,NY,critical,8.76,361,0,0,0,6,18,2,0.55
tech_summit,1.35,11.75,8,1,2,1,1,0,9987.66,0,2,NV,high,94.0,855,0,0,0,6,8,11,0.65
vip_protection,1.5,41.74,3,3,3,1,0,1,67933.42,1,5,NY,critical,125.22,32,0,1,0,0,18,9,0.75
industrial,1.3,88.07,1,1,2,1,1,0,7929.07,0,3,FL,high,88.07,0,0,0,0,6,15,10,0.85
concert,1.45,6.01,25,1,1,1,0,0,17973.66,1,4,DC,critical,150.25,3872,0,0,0,4,14,12,1.0
gov_rally,1.3,6.0,53,2,1,1,1,1,71691.75,1,5,FL,high,318.0,3009,0,1,1,6,9,1,1.0
gov_rally,1.35,6.64,61,2,2,1,1,0,77233.88,0,1,NV,high,405.04,6820,0,1,0,6,15,7,1.0
gov_rally,1.35,10.41,18,2,1,0,0,0,33083.34,1,5,CA,high,187.38,6541,0,1,0,0,14,6,1.0
industrial,1.3,16.75,3,1,2,1,0,0,3895.0,0,2,WA,medium,50.25,0,0,0,0,3,7,6,0.65
retail_lp,1.35,11.78,1,2,2,1,1,0,1304.86,0,1,CA,high,11.78,465,1,1,0,5,23,6,0.9
vip_protection,1.45,14.03,2,3,3,1,1,0,13354.57,1,5,DC,critical,28.06,22,0,1,0,5,8,3,0.65
concert,1.5,9.11,26,1,1,1,1,0,31656.34,1,5,NY,critical,236.86,14962,0,0,0,5,8,6,1.0
sports,1.45,9.97,20,1,1,1,0,0,20817.36,1,5,DC,critical,199.4,30821,0,0,0,1,20,9,1.0
concert,1.3,7.36,7,1,3,1,0,0,5525.52,0,2,WA,medium,51.52,15803,1,0,0,3,23,10,1.0
vip_protection,1.5,25.63,2,3,2,1,0,0,22490.32,1,4,NY,critical,51.26,23,0,1,0,4,15,9,0.55
retail_lp,1.3,4.44,3,1,2,1,1,0,822.86,1,5,FL,high,13.32,484,0,0,0,5,16,4,0.75
corporate,1.35,7.91,4,1,3,1,0,0,2197.64,1,4,NV,high,31.64,448,0,0,0,2,19,6,0.45
music_festival,1.5,9.75,19,1,1,1,0,0,28327.81,1,5,NY,critical,185.25,21037,1,0,1,0,22,6,1.0
sports,1.18,5.77,5,1,1,1,0,0,2776.1,1,3,TX,medium,28.85,61126,0,0,1,1,18,12,1.0
industrial,1.4,166.01,1,1,3,1,0,0,14968.55,1,5,NY,critical,166.01,0,0,0,1,2,7,7,0.85
retail_lp,1.35,4.24,1,1,3,1,0,0,307.7,1,5,NV,high,4.24,880,0,0,1,2,10,10,0.65
sports,1.35,6.49,10,2,2,1,0,0,9684.38,1,5,IL,high,64.9,44923,0,1,0,2,6,1,1.0
tech_summit,1.35,13.85,2,1,1,1,0,0,2776.58,1,5,MA,high,27.7,552,1,0,0,1,22,9,0.7
tech_summit,1.15,9.73,5,2,3,1,0,0,5964.47,1,5,TX,medium,48.65,1009,0,1,0,1,16,8,0.45
retail_lp,1.18,6.29,1,1,2,1,0,0,367.83,1,4,TX,medium,6.29,718,0,0,1,1,7,10,0.55
tech_summit,1.35,9.56,2,2,3,0,0,0,3061.49,1,5,IL,high,19.12,527,1,1,1,4,22,9,0.7
music_festival,1.4,23.26,32,2,2,1,1,0,164848.31,1,5,NY,critical,744.32,44626,1,1,1,6,22,9,1.0
tech_summit,1.35,9.16,4,2,3,1,0,0,5342.22,1,5,IL,high,36.64,316,0,1,0,2,9,10,0.55
social_wedding,1.5,6.04,1,2,1,1,0,0,708.04,1,3,NY,critical,6.04,312,0,1,0,0,8,11,0.45
industrial,1.5,111.84,3,1,1,1,0,0,32467.83,1,5,NY,critical,335.52,0,0,0,1,0,6,6,0.85
vip_protection,1.35,37.34,1,3,1,1,0,0,14257.35,1,4,NV,high,37.34,46,0,1,0,3,21,3,0.45
tech_summit,1.45,11.08,8,2,3,1,0,0,13763.11,1,3,CA,high,88.64,687,0,1,0,0,15,4,0.55
retail_lp,1.3,4.55,1,1,3,1,0,0,315.8,1,4,FL,high,4.55,835,0,0,1,2,6,11,0.65
vip_protection,1.2,10.17,1,3,3,1,0,0,3337.79,0,2,GA,medium,10.17,5,0,1,0,3,21,6,0.35
sports,1.35,6.72,5,2,3,1,0,0,5013.79,1,5,MA,high,33.6,16745,1,1,0,0,22,12,1.0
corporate,1.5,4.87,2,2,3,1,0,0,1231.51,1,3,NY,critical,9.74,846,0,1,0,0,21,11,0.55
social_wedding,1.35,4.19,1,1,2,1,1,0,369.54,1,3,IL,high,4.19,81,0,0,1,5,21,8,0.45
sports,1.15,9.81,20,2,1,1,1,0,27499.86,1,4,TX,medium,196.2,68922,0,1,0,5,6,7,1.0
social_wedding,1.15,4.91,3,3,1,0,1,0,2006.05,1,5,TX,medium,14.73,273,0,1,0,5,7,6,0.35
tech_summit,1.2,13.41,7,1,1,1,0,0,8044.39,1,4,GA,medium,93.87,1114,0,0,1,1,20,3,0.45
corporate,1.15,7.47,1,2,2,1,0,0,743.31,1,5,CO,medium,7.47,169,1,1,0,0,22,1,0.5
music_festival,1.2,19.2,13,2,3,1,1,1,54545.06,0,2,GA,medium,249.6,17762,0,1,0,6,18,6,1.0
tech_summit,1.5,11.04,5,2,3,1,1,0,10202.72,1,5,NY,critical,55.2,1307,0,1,0,5,7,7,0.75
corporate,1.4,4.62,5,1,1,1,0,0,1731.81,1,4,NY,critical,23.1,389,0,0,0,4,10,12,0.55
tech_summit,1.3,9.96,6,1,2,1,0,0,5234.23,1,5,WA,medium,59.76,726,0,0,0,3,20,3,0.45
tech_summit,1.35,12.13,6,2,3,1,0,0,11158.68,0,3,MA,high,72.78,1475,1,1,0,1,23,8,0.7
concert,1.4,13.52,23,1,1,1,0,0,35915.88,1,3,NY,critical,310.96,19843,0,0,0,4,9,3,1.0
gov_rally,1.3,11.5,23,2,3,1,0,0,45146.18,1,5,FL,high,264.5,4877,0,1,0,3,15,8,1.0
retail_lp,1.3,11.21,2,1,1,1,0,0,1319.16,1,5,WA,medium,22.42,488,0,0,1,1,10,1,0.55
gov_rally,1.4,9.1,51,1,1,1,0,0,59842.38,0,3,NY,critical,464.1,1574,0,0,1,4,16,12,1.0
music_festival,1.45,17.24,57,2,3,1,0,0,205238.86,1,3,DC,critical,982.68,31937,0,1,0,3,20,10,1.0
social_wedding,1.35,4.32,3,2,2,0,0,0,1343.4,0,1,NV,high,12.96,318,0,1,0,0,21,9,0.35
industrial,1.45,9.89,4,1,3,1,0,0,3938.34,1,5,DC,critical,39.56,0,0,0,1,0,8,5,0.85
retail_lp,1.15,9.43,5,2,3,1,0,0,3835.28,1,5,CO,medium,47.15,63,0,1,0,0,6,12,0.55
music_festival,1.35,33.29,53,2,2,1,0,0,345276.18,0,1,IL,high,1764.37,46734,0,1,0,1,6,6,1.0
sports,1.35,6.7,15,2,1,1,1,0,16196.34,1,5,IL,high,100.5,74014,0,1,0,5,6,5,1.0
retail_lp,1.15,10.64,4,1,3,1,1,0,2241.24,0,3,CO,medium,42.56,261,0,0,0,6,8,11,0.65
sports,1.5,6.88,7,2,2,1,1,0,8519.7,1,5,NY,critical,48.16,19712,1,1,0,6,22,6,1.0
tech_summit,1.4,10.59,3,1,2,1,1,0,3632.74,1,5,NY,critical,31.77,1479,0,0,0,6,10,12,0.75
retail_lp,1.3,4.42,4,3,3,1,0,0,2564.06,1,5,WA,medium,17.68,875,1,1,1,2,23,8,0.7
social_wedding,1.4,7.09,4,1,3,1,1,0,2315.54,1,3,NY,critical,28.36,374,1,0,0,6,22,10,0.7
concert,1.2,8.5,26,1,1,1,0,0,21879.0,1,4,GA,medium,221.0,19057,0,0,0,3,7,8,1.0
sports,1.35,9.82,18,1,2,1,0,0,17181.07,1,4,NV,high,176.76,11848,0,0,0,2,9,9,1.0
corporate,1.3,7.34,5,2,3,1,1,0,4438.45,1,3,FL,high,36.7,438,0,1,0,5,19,1,0.55
sports,1.15,7.09,15,2,3,0,0,0,13802.1,0,3,TX,medium,106.35,33254,0,1,0,3,9,8,1.0
tech_summit,1.18,13.37,4,1,1,1,1,0,5060.16,0,2,TX,medium,53.48,1563,0,0,1,5,10,12,0.55
corporate,1.4,5.4,1,2,3,0,0,0,708.73,0,2,NY,critical,5.4,770,0,1,1,0,9,1,0.55
music_festival,1.3,19.43,48,2,2,1,1,0,193853.39,0,2,FL,high,932.64,14317,0,1,1,6,21,3,1.0
industrial,1.3,72.25,3,1,3,0,0,0,17434.83,1,5,FL,high,216.75,0,0,0,0,2,9,6,0.75
tech_summit,1.45,13.49,5,1,1,1,1,0,7988.02,1,5,DC,critical,67.45,292,0,0,0,6,9,2,0.75
industrial,1.5,45.19,1,1,3,0,0,0,4346.71,1,5,NY,critical,45.19,0,0,0,0,1,19,4,0.85
industrial,1.3,139.01,2,2,2,1,0,0,35324.73,1,3,FL,high,278.02,0,0,1,1,0,7,11,0.75
retail_lp,1.45,6.98,3,2,3,1,0,0,2309.9,1,5,CA,high,20.94,212,0,1,1,4,19,8,0.65
concert,1.15,6.88,25,1,3,0,0,0,17943.5,1,4,CO,medium,172.0,17962,0,0,1,2,9,4,1.0
retail_lp,1.3,11.04,5,2,1,1,0,0,5426.14,1,5,FL,high,55.2,801,0,1,1,0,8,9,0.65
sports,1.15,5.73,7,1,2,1,0,0,3321.11,1,5,TX,medium,40.11,46198,0,0,0,0,6,7,1.0
tech_summit,1.15,13.96,8,1,1,1,0,0,8653.11,0,3,CO,medium,111.68,1737,0,0,0,4,8,4,0.45
social_wedding,1.35,7.62,2,2,1,1,0,0,1709.74,1,5,NV,high,15.24,359,0,1,1,1,15,3,0.35
industrial,1.3,160.49,2,2,3,1,1,0,45937.0,1,3,WA,medium,320.98,0,1,1,0,5,23,6,0.9
corporate,1.4,8.36,1,2,2,1,0,0,996.59,1,5,NY,critical,8.36,622,0,1,0,2,7,7,0.55
tech_summit,1.15,11.08,4,1,3,1,0,0,3693.97,1,4,CO,medium,44.32,730,0,0,1,3,10,6,0.45
concert,1.45,6.74,25,1,3,1,1,0,21769.36,0,1,CA,high,168.5,11182,0,0,0,6,8,6,1.0
vip_protection,1.2,11.09,1,3,3,1,1,0,4159.22,1,5,GA,medium,11.09,32,0,1,1,5,20,3,0.45
concert,1.45,12.0,33,1,2,0,1,0,51161.22,0,2,DC,critical,396.0,4477,1,0,0,5,23,3,1.0
vip_protection,1.35,38.07,2,3,1,1,0,0,29072.16,1,4,CA,high,76.14,23,0,1,0,4,6,6,0.45
gov_rally,1.18,12.24,44,2,3,1,0,0,84333.65,1,4,TX,medium,538.56,14870,0,1,0,1,14,4,1.0
corporate,1.45,10.91,5,1,1,1,0,0,4069.57,1,4,CA,high,54.55,942,0,0,0,0,14,6,0.45
gov_rally,1.4,9.4,40,2,3,1,0,0,68593.68,1,5,NY,critical,376.0,1139,1,1,0,3,22,1,1.0
corporate,1.4,4.18,4,2,3,1,0,0,1993.18,1,4,NY,critical,16.72,558,0,1,0,2,6,10,0.55
gov_rally,1.35,11.07,67,2,2,1,0,1,150593.57,0,1,CA,high,741.69,777,0,1,0,2,20,6,1.0
concert,1.35,10.21,26,1,3,1,0,0,29072.85,1,5,MA,high,265.46,1059,0,0,0,1,18,2,0.95
corporate,1.35,10.55,1,2,2,1,1,0,1317.09,1,5,CA,high,10.55,259,0,1,0,6,14,8,0.55
tech_summit,1.3,9.23,7,1,1,1,0,0,5659.03,0,2,WA,medium,64.61,1057,0,0,0,3,6,10,0.45
gov_rally,1.35,8.24,56,2,2,1,0,0,81470.69,1,5,NV,high,461.44,9751,0,1,0,0,20,6,1.0
corporate,1.2,5.63,3,1,2,1,1,0,1336.81,1,4,GA,medium,16.89,55,0,0,1,6,9,2,0.45
gov_rally,1.35,9.8,22,2,3,1,1,0,41111.06,1,5,CA,high,215.6,1880,0,1,0,5,16,2,1.0
concert,1.3,10.48,29,2,1,1,0,0,49474.38,1,5,WA,medium,303.92,15381,0,1,0,3,16,3,1.0
concert,1.45,12.47,31,1,3,1,1,0,49942.91,0,1,CA,high,386.57,5082,0,0,0,6,7,10,1.0
corporate,1.35,11.16,4,1,2,1,1,0,3485.31,0,2,NV,high,44.64,494,0,0,0,6,21,3,0.55
sports,1.3,4.92,16,2,1,1,0,0,11364.02,0,1,WA,medium,78.72,37283,1,1,0,4,23,12,1.0
corporate,1.15,7.31,5,2,2,1,0,0,3458.21,1,3,CO,medium,36.55,907,0,1,0,0,20,10,0.35
vip_protection,1.18,6.7,4,3,1,0,0,0,8917.2,0,2,TX,medium,26.8,27,0,1,1,1,7,8,0.35
concert,1.3,12.83,31,1,2,1,1,0,46069.07,0,3,WA,medium,397.73,9315,0,0,0,6,20,9,1.0
concert,1.5,9.95,28,1,3,1,1,0,37234.89,1,3,NY,critical,278.6,4487,0,0,0,5,20,2,1.0
retail_lp,1.45,6.23,5,1,3,1,1,0,2146.36,1,4,CA,high,31.15,291,0,0,0,6,19,7,0.75
sports,1.35,7.08,24,1,1,1,1,0,19522.32,1,3,NV,high,169.92,61434,0,0,1,5,15,5,1.0
music_festival,1.35,12.06,19,1,2,1,1,0,32573.4,1,5,MA,high,229.14,49710,1,0,0,6,23,11,1.0
vip_protection,1.35,49.09,3,3,3,1,0,0,56231.37,1,5,CA,high,147.27,14,0,1,0,2,10,4,0.45
vip_protection,1.45,34.21,3,3,3,1,0,0,41952.58,1,4,CA,high,102.63,32,0,1,0,4,20,5,0.45
industrial,1.45,34.8,1,1,3,1,0,0,3122.21,1,4,CA,high,34.8,0,0,0,0,2,6,4,0.75
gov_rally,1.3,8.99,19,2,1,1,1,0,31487.08,0,2,FL,high,170.81,12391,0,1,0,6,15,3,1.0
retail_lp,1.35,10.84,3,2,2,0,0,0,3098.31,1,4,NV,high,32.52,500,0,1,0,1,14,2,0.65
sports,1.15,9.69,16,1,3,1,0,0,12837.31,1,4,TX,medium,155.04,65288,1,0,0,1,23,1,1.0
tech_summit,1.4,12.87,8,1,3,1,0,0,11099.09,1,5,NY,critical,102.96,355,1,0,0,3,23,6,0.8
sports,1.45,5.35,8,1,2,1,1,0,4825.79,1,5,DC,critical,42.8,74345,0,0,0,5,19,5,1.0
gov_rally,1.3,8.69,50,2,1,0,0,0,74162.63,1,3,WA,medium,434.5,10949,0,1,0,3,8,11,1.0
gov_rally,1.5,13.9,35,1,1,0,0,0,63488.25,1,4,NY,critical,486.5,2724,0,0,0,0,10,12,1.0
gov_rally,1.45,7.48,35,2,3,1,0,0,49297.59,1,5,DC,critical,261.8,3104,0,1,0,4,16,5,1.0
industrial,1.45,115.5,4,1,1,0,0,0,41450.06,1,4,CA,high,462.0,0,0,0,0,4,18,4,0.75
industrial,1.35,97.61,2,1,3,1,0,0,16306.97,1,3,NV,high,195.22,0,0,0,0,2,18,2,0.75
sports,1.5,4.48,8,1,2,1,1,0,4180.38,1,4,NY,critical,35.84,64839,0,0,0,5,14,10,1.0
tech_summit,1.3,12.77,6,1,1,1,0,0,6984.87,1,4,FL,high,76.62,856,0,0,0,2,10,4,0.55
industrial,1.4,156.55,4,1,3,1,1,0,63909.97,1,5,NY,critical,626.2,0,1,0,0,5,23,12,1.0
sports,1.4,6.59,14,1,1,1,0,0,9299.81,1,4,NY,critical,92.26,30742,0,0,0,4,21,8,1.0
retail_lp,1.15,10.8,2,1,1,1,0,0,1073.09,1,4,TX,medium,21.6,799,1,0,0,1,23,8,0.7
corporate,1.35,8.81,5,2,1,1,1,0,5499.31,0,2,NV,high,44.05,249,0,1,0,5,19,1,0.55
gov_rally,1.35,7.49,17,2,3,1,0,0,23586.07,1,4,CA,high,127.33,8642,0,1,1,2,18,11,1.0
industrial,1.4,63.28,3,1,3,1,1,0,19262.75,1,5,NY,critical,189.84,0,0,0,1,5,16,3,0.95
music_festival,1.3,35.23,33,2,1,1,0,0,222005.3,1,4,WA,medium,1162.59,18711,1,1,1,1,22,5,1.0
industrial,1.35,23.83,2,1,2,0,1,0,4455.94,1,5,IL,high,47.66,0,0,0,0,6,16,9,0.85
vip_protection,1.15,29.73,4,3,1,1,0,0,39749.01,1,5,TX,medium,118.92,32,1,1,0,3,23,2,0.5
industrial,1.4,45.64,1,1,3,1,1,1,5356.72,0,3,NY,critical,45.64,0,0,0,0,5,16,7,1.0
gov_rally,1.15,6.7,20,1,2,1,0,0,13406.7,1,5,CO,medium,134.0,24235,1,0,0,1,23,8,1.0
concert,1.18,12.0,19,1,3,1,1,1,29101.05,1,5,TX,medium,228.0,15886,0,0,1,5,20,8,1.0
industrial,1.4,137.27,3,1,3,1,0,0,36970.24,1,4,NY,critical,411.81,0,0,0,0,2,14,1,0.85
industrial,1.15,19.35,4,1,1,1,0,0,5307.22,1,4,CO,medium,77.4,0,0,0,0,2,7,5,0.65
sports,1.1,9.6,12,1,3,0,1,0,9032.6,1,5,AZ,low,115.2,3300,0,0,0,6,7,3,0.75
vip_protection,1.45,71.62,2,3,1,1,1,0,68172.07,1,5,DC,critical,143.24,22,0,1,0,5,7,11,0.65
corporate,1.35,5.75,3,1,2,1,0,0,1466.5,1,3,CA,high,17.25,392,1,0,1,2,23,1,0.6
sports,1.2,4.08,19,2,3,1,0,0,10437.29,0,3,GA,medium,77.52,64935,0,1,0,4,7,11,1.0
corporate,1.45,9.53,3,1,2,1,1,0,2397.54,0,2,CA,high,28.59,91,0,0,0,6,15,4,0.55
tech_summit,1.35,13.45,7,2,1,1,0,0,13727.33,1,3,CA,high,94.15,1822,0,1,0,0,14,9,0.55
music_festival,1.5,27.36,32,2,2,1,0,0,188619.84,0,3,NY,critical,875.52,48530,0,1,0,2,10,1,1.0
concert,1.35,12.46,18,2,3,1,0,0,37758.94,1,5,CA,high,224.28,24590,0,1,0,0,14,2,1.0
industrial,1.45,82.65,2,2,1,1,0,0,22996.59,1,4,CA,high,165.3,0,0,1,0,1,6,3,0.75
concert,1.35,13.6,25,2,2,1,1,0,61820.42,1,3,IL,high,340.0,18421,0,1,0,6,15,4,1.0
gov_rally,1.35,9.04,55,1,1,1,0,0,58396.14,0,1,IL,high,497.2,7380,0,0,0,1,6,12,1.0
gov_rally,1.35,7.27,73,2,3,1,0,0,93700.83,1,4,MA,high,530.71,5610,0,1,0,2,19,7,1.0
gov_rally,1.35,9.07,80,2,3,1,1,0,138358.93,1,5,MA,high,725.6,21452,0,1,0,6,8,9,1.0
retail_lp,1.2,6.73,2,1,2,1,0,0,659.0,1,5,GA,medium,13.46,625,0,0,0,1,7,7,0.55
vip_protection,1.15,19.85,4,3,3,1,0,0,25032.83,1,5,CO,medium,79.4,26,0,1,0,3,15,4,0.35
retail_lp,1.35,7.52,3,2,2,1,0,0,2248.06,1,3,NV,high,22.56,307,1,1,0,4,23,4,0.8
social_wedding,1.3,4.15,3,1,2,1,1,0,821.55,0,2,WA,medium,12.45,306,0,0,0,5,10,8,0.35
retail_lp,1.15,10.26,3,1,3,1,0,0,1444.2,1,4,TX,medium,30.78,574,0,0,0,0,16,2,0.55
vip_protection,1.4,54.4,2,3,2,1,0,0,44684.16,1,5,NY,critical,108.8,2,0,1,0,1,7,11,0.55
corporate,1.35,7.94,5,3,2,1,0,0,6229.53,1,5,MA,high,39.7,575,0,1,0,2,10,1,0.45
concert,1.1,13.29,10,1,2,1,0,0,12060.68,0,2,AZ,low,132.9,13032,0,0,0,2,19,8,1.0
corporate,1.5,7.28,3,1,3,1,0,0,1754.3,1,5,NY,critical,21.84,148,0,0,0,4,15,1,0.55
social_wedding,1.45,6.65,2,1,3,1,0,0,1074.97,1,3,DC,critical,13.3,272,0,0,1,0,7,9,0.45
sports,1.45,7.91,25,2,3,0,0,0,31430.38,1,4,CA,high,197.75,32830,0,1,0,1,19,11,1.0
corporate,1.35,5.64,5,1,1,1,1,0,2201.74,1,4,CA,high,28.2,88,0,0,0,6,10,3,0.55
retail_lp,1.15,10.9,1,2,1,1,0,0,951.63,1,4,TX,medium,10.9,266,0,1,1,0,19,5,0.55
vip_protection,1.35,15.55,4,3,1,1,0,0,23749.52,1,4,MA,high,62.2,18,0,1,0,0,21,9,0.45
vip_protection,1.3,56.05,1,3,2,1,0,0,19909.5,1,5,WA,medium,56.05,42,0,1,1,4,14,8,0.35
retail_lp,1.4,5.48,4,2,2,1,1,0,2466.41,1,4,NY,critical,21.92,687,0,1,0,6,15,2,0.85
retail_lp,1.15,4.62,5,2,1,0,0,0,1879.0,1,3,TX,medium,23.1,104,0,1,0,2,8,2,0.55
retail_lp,1.3,7.67,4,2,2,1,1,0,3201.58,1,5,WA,medium,30.68,688,1,1,0,6,22,1,0.8
tech_summit,1.45,11.8,3,1,2,1,0,0,3935.67,0,2,DC,critical,35.4,420,0,0,1,3,15,10,0.65
social_wedding,1.45,4.55,4,1,1,1,1,0,1396.56,1,5,CA,high,18.2,329,0,0,0,6,7,9,0.45
concert,1.4,11.28,12,1,2,1,0,0,16414.08,1,3,NY,critical,135.36,14939,0,0,1,3,10,3,1.0
social_wedding,1.2,6.59,4,1,3,0,0,0,1423.44,1,4,GA,medium,26.36,159,0,0,0,0,18,10,0.25
industrial,1.35,84.37,2,2,1,1,0,0,22065.66,1,4,IL,high,168.74,0,0,1,0,0,18,5,0.75
tech_summit,1.35,13.09,5,2,2,1,0,0,10034.83,1,3,NV,high,65.45,1863,1,1,0,2,22,8,0.7
music_festival,1.5,30.47,25,2,3,1,0,0,165734.52,1,4,NY,critical,761.75,13209,0,1,1,2,9,9,1.0
sports,1.4,9.03,14,2,3,1,1,0,21037.1,1,3,NY,critical,126.42,7847,0,1,0,5,20,11,1.0
corporate,1.15,9.66,2,1,1,1,1,0,1234.57,1,4,TX,medium,19.32,157,0,0,0,5,21,3,0.45
sports,1.35,5.92,18,2,3,1,0,0,15900.88,1,5,MA,high,106.56,25320,0,1,0,2,7,7,1.0
tech_summit,1.4,13.0,5,1,1,1,0,0,7007.0,0,3,NY,critical,65.0,1290,1,0,0,3,23,3,0.8
music_festival,1.3,9.5,34,2,3,1,1,0,65970.0,1,3,WA,medium,323.0,34035,0,1,0,5,19,9,1.0
vip_protection,1.1,36.96,1,3,1,1,1,0,12863.53,1,5,AZ,low,36.96,49,1,1,1,6,23,7,0.5
social_wedding,1.35,5.9,2,1,2,1,0,0,878.71,0,1,MA,high,11.8,76,0,0,1,1,14,11,0.35
tech_summit,1.3,9.64,3,1,3,1,1,0,3337.08,0,2,FL,high,28.92,1775,1,0,1,6,23,2,0.8
concert,1.35,12.26,10,1,3,1,1,0,15448.94,1,4,NV,high,122.6,17985,0,0,1,6,9,11,1.0
vip_protection,1.2,21.69,2,3,1,1,0,0,14237.32,0,2,GA,medium,43.38,47,0,1,0,1,20,11,0.35
gov_rally,1.1,9.19,75,2,1,1,1,1,126006.06,0,2,AZ,low,689.25,20134,0,1,0,5,6,4,1.0
gov_rally,1.35,13.52,34,2,1,1,0,0,81159.95,0,2,IL,high,459.68,24390,0,1,0,3,10,2,1.0
gov_rally,1.35,8.49,41,2,3,1,0,0,61457.9,1,3,MA,high,348.09,7366,1,1,0,3,22,2,1.0
corporate,1.15,8.99,2,3,1,1,0,0,2364.46,1,4,TX,medium,17.98,846,0,1,0,3,16,8,0.35
retail_lp,1.18,11.36,5,1,2,1,0,0,2734.58,1,5,TX,medium,56.8,105,0,0,0,2,6,12,0.55
sports,1.35,6.99,8,3,3,1,1,0,12827.6,1,4,IL,high,55.92,9532,0,1,0,5,16,2,1.0
vip_protection,1.3,17.66,1,3,3,1,0,1,8061.66,1,5,FL,high,17.66,14,0,1,0,0,14,12,0.65
tech_summit,1.4,11.5,7,1,1,1,0,0,8213.01,1,5,NY,critical,80.5,1146,0,0,0,2,8,5,0.65
corporate,1.2,4.57,1,1,2,1,0,1,337.72,1,5,GA,medium,4.57,286,0,0,0,1,14,1,0.55
concert,1.15,11.72,6,1,2,1,0,0,6671.61,1,4,TX,medium,70.32,9045,0,0,0,0,9,3,1.0
music_festival,1.35,18.36,59,2,1,1,1,1,263283.26,0,3,NV,high,1083.24,38514,0,1,0,5,15,7,1.0
sports,1.35,8.05,5,1,3,1,0,0,3912.3,0,1,CA,high,40.25,39782,0,0,0,4,6,5,1.0
gov_rally,1.3,12.83,41,2,3,1,0,0,92450.43,1,5,WA,medium,526.03,20820,0,1,1,4,7,5,1.0
industrial,1.3,51.52,2,1,2,0,1,0,9276.85,0,1,FL,high,103.04,0,0,0,0,6,19,2,0.85
industrial,1.3,113.12,2,1,1,1,0,0,17536.43,1,5,WA,medium,226.24,0,0,0,0,3,9,10,0.65
retail_lp,1.35,9.1,2,2,1,1,0,0,1813.59,1,5,IL,high,18.2,726,1,1,0,1,22,5,0.8
concert,1.1,6.94,21,2,1,0,0,0,20478.29,1,3,AZ,low,145.74,15213,0,1,0,3,16,9,1.0
industrial,1.3,55.71,2,2,2,1,0,0,14104.73,1,5,FL,high,111.42,0,0,1,0,4,15,3,0.75
tech_summit,1.4,8.72,5,2,3,1,0,0,7129.91,1,3,NY,critical,43.6,1754,1,1,0,4,22,1,0.8
concert,1.45,6.31,20,1,2,1,1,0,16304.41,0,3,CA,high,126.2,11777,1,0,0,6,23,9,1.0
retail_lp,1.15,6.07,5,1,2,1,0,0,1424.02,0,2,CO,medium,30.35,949,0,0,0,0,16,3,0.55
vip_protection,1.45,56.65,4,3,2,1,0,0,96502.68,1,4,DC,critical,226.6,0,0,1,1,0,9,2,0.55
industrial,1.3,93.35,1,1,1,1,0,0,7508.84,0,1,FL,high,93.35,0,0,0,0,0,14,7,0.75
tech_summit,1.5,12.48,3,1,2,1,1,0,4797.47,1,5,NY,critical,37.44,1088,0,0,1,6,19,12,0.75
retail_lp,1.3,7.8,1,2,1,1,1,0,802.13,1,4,FL,high,7.8,517,0,1,0,6,10,9,0.75
tech_summit,1.45,9.35,3,1,2,1,0,0,2852.16,0,1,CA,high,28.05,1374,0,0,0,2,6,5,0.55
retail_lp,1.18,5.92,2,1,2,1,1,0,639.77,1,3,TX,medium,11.84,216,0,0,0,5,21,3,0.65
concert,1.35,7.75,19,2,3,1,1,0,28107.49,1,4,MA,high,147.25,8749,1,1,1,6,22,10,1.0
sports,1.3,9.0,14,1,1,1,0,0,12703.6,1,5,FL,high,126.0,30874,1,0,1,1,23,10,1.0
vip_protection,1.3,52.51,4,3,3,1,0,0,77368.23,0,3,FL,high,210.04,13,0,1,0,3,7,2,0.45
retail_lp,1.45,5.15,1,2,2,1,1,0,649.37,1,5,CA,high,5.15,604,0,1,1,6,8,1,0.75
corporate,1.15,11.78,2,1,3,1,0,0,1467.09,1,3,CO,medium,23.56,273,0,0,1,0,8,5,0.35
industrial,1.3,117.72,1,2,3,1,0,0,14502.4,1,3,WA,medium,117.72,0,0,1,1,1,21,4,0.65
retail_lp,1.45,7.32,1,2,2,0,0,0,762.23,1,4,DC,critical,7.32,100,0,1,0,4,14,7,0.75
corporate,1.2,10.55,5,2,3,1,1,0,6064.57,1,4,GA,medium,52.75,780,1,1,0,5,23,4,0.6
sports,1.35,8.3,9,1,2,1,1,0,7841.71,1,4,IL,high,74.7,34657,0,0,0,5,8,11,1.0
music_festival,1.35,16.2,9,2,2,0,0,0,28532.15,1,5,NV,high,145.8,18826,0,1,0,4,7,12,1.0
gov_rally,1.15,8.86,36,1,2,1,1,0,34464.9,1,4,TX,medium,318.96,21812,0,0,0,6,15,1,1.0
corporate,1.3,10.38,3,1,3,1,1,0,2551.84,1,4,FL,high,31.14,686,0,0,1,6,21,12,0.55
social_wedding,1.35,5.31,1,2,2,1,0,0,550.42,1,3,MA,high,5.31,171,0,1,0,4,9,3,0.35
music_festival,1.45,47.32,9,1,3,1,0,0,60793.78,0,2,DC,critical,425.88,29268,0,0,1,3,8,1,1.0
sports,1.35,4.27,18,2,3,0,0,0,11469.05,1,5,CA,high,76.86,11249,1,1,0,4,23,6,1.0
tech_summit,1.45,13.8,3,1,2,1,0,0,4209.6,0,2,CA,high,41.4,1382,0,0,0,1,19,10,0.55
music_festival,1.3,22.71,14,2,3,1,0,0,61036.43,1,4,WA,medium,317.94,12454,0,1,1,0,20,11,1.0
social_wedding,1.5,4.78,3,1,1,0,0,0,1053.99,0,1,NY,critical,14.34,239,0,0,0,4,18,6,0.45
tech_summit,1.35,9.76,5,1,3,0,0,0,4619.83,1,4,CA,high,48.8,1167,0,0,0,3,7,3,0.55
social_wedding,1.5,6.37,1,1,3,0,1,0,526.29,1,5,NY,critical,6.37,219,0,0,0,5,18,5,0.55
tech_summit,1.18,10.97,8,2,3,1,0,0,11518.82,1,3,TX,medium,87.76,657,0,1,1,4,20,10,0.45
industrial,1.3,38.74,1,2,2,1,0,0,4816.15,1,4,WA,medium,38.74,0,0,1,1,3,14,11,0.65
social_wedding,1.15,6.78,3,1,1,1,1,0,1187.33,1,4,CO,medium,20.34,65,0,0,0,5,19,10,0.35
social_wedding,1.3,7.54,1,1,3,0,0,0,441.09,1,3,WA,medium,7.54,107,0,0,0,4,10,1,0.25
retail_lp,1.2,8.89,1,1,1,1,0,0,525.86,1,4,GA,medium,8.89,71,1,0,1,2,23,8,0.7
gov_rally,1.18,11.62,76,2,3,1,1,0,149351.74,0,2,TX,medium,883.12,5922,0,1,0,5,8,2,1.0
social_wedding,1.15,7.83,1,2,3,1,0,0,687.96,1,5,TX,medium,7.83,366,0,1,0,3,20,5,0.25
vip_protection,1.15,69.56,3,3,3,1,1,0,73905.9,1,4,CO,medium,208.68,45,0,1,0,5,21,1,0.45
social_wedding,1.3,6.34,1,1,3,1,1,0,418.36,1,5,WA,medium,6.34,174,0,0,0,5,8,5,0.35
social_wedding,1.5,6.88,1,1,3,1,0,0,505.68,1,4,NY,critical,6.88,385,0,0,0,4,6,1,0.45
social_wedding,1.45,7.36,2,1,2,1,0,0,1175.86,1,5,DC,critical,14.72,190,0,0,1,1,15,6,0.45
gov_rally,1.35,6.49,57,1,1,1,0,0,43448.28,0,2,CA,high,369.93,24846,0,0,0,4,18,1,1.0
vip_protection,1.1,32.23,2,3,2,1,0,1,23309.86,1,5,AZ,low,64.46,14,0,1,0,1,9,9,0.45
sports,1.15,8.36,5,2,2,1,1,0,5858.79,1,4,CO,medium,41.8,32464,0,1,0,6,6,11,1.0
vip_protection,1.35,20.79,4,3,1,0,0,0,31752.57,1,5,MA,high,83.16,2,0,1,0,2,14,4,0.45
corporate,1.15,8.63,3,1,2,0,0,0,1469.32,1,4,TX,medium,25.89,376,0,0,0,2,20,5,0.35
retail_lp,1.3,4.6,1,1,2,1,0,0,253.55,0,1,FL,high,4.6,562,0,0,0,4,16,7,0.65
industrial,1.3,97.58,3,1,1,1,1,0,25641.66,1,3,WA,medium,292.74,0,0,0,1,5,18,5,0.75
music_festival,1.45,26.19,16,2,3,1,0,0,87519.12,1,5,CA,high,419.04,40664,0,1,0,3,9,5,1.0
concert,1.4,13.01,9,1,2,1,0,0,13523.9,1,3,NY,critical,117.09,15582,1,0,0,0,23,4,1.0
music_festival,1.15,46.86,53,2,1,1,0,0,420640.84,1,4,TX,medium,2483.58,45647,0,1,0,0,10,1,1.0
music_festival,1.45,9.84,60,2,2,1,0,0,123308.73,0,2,DC,critical,590.4,19511,1,1,0,1,23,2,1.0
industrial,1.35,128.49,3,1,1,1,1,0,36039.23,1,5,CA,high,385.47,0,0,0,0,5,8,8,0.85
concert,1.4,12.33,19,1,3,0,0,0,27058.19,1,4,NY,critical,234.27,22896,0,0,0,2,9,9,1.0
vip_protection,1.5,45.28,1,3,1,1,1,0,23473.15,1,4,NY,critical,45.28,19,1,1,0,5,22,5,0.8
industrial,1.35,111.01,1,1,1,0,1,0,10925.05,1,3,IL,high,111.01,0,1,0,0,6,22,9,1.0
vip_protection,1.35,38.18,2,3,2,1,1,0,32713.31,1,5,NV,high,76.36,43,0,1,0,5,9,5,0.55
corporate,1.3,9.45,2,3,1,1,0,0,2868.45,1,5,FL,high,18.9,227,0,1,0,0,9,4,0.45
social_wedding,1.35,7.17,1,1,1,0,0,1,567.7,0,1,NV,high,7.17,214,0,0,0,1,16,8,0.55
vip_protection,1.45,39.83,4,3,3,1,0,0,67667.19,1,5,DC,critical,159.32,2,0,1,0,2,9,10,0.55
vip_protection,1.4,61.19,4,3,1,1,1,1,145916.12,1,5,NY,critical,244.76,16,1,1,0,6,22,11,1.0
vip_protection,1.5,19.29,3,3,3,1,0,0,27017.75,1,4,NY,critical,57.87,48,1,1,1,0,22,2,0.7
gov_rally,1.5,13.54,63,2,3,0,0,0,169730.16,1,4,NY,critical,853.02,9840,0,1,1,0,8,1,1.0
social_wedding,1.15,6.88,3,1,3,1,0,0,1068.12,0,3,TX,medium,20.64,209,0,0,0,1,15,10,0.25
industrial,1.4,148.43,1,1,3,1,0,0,13390.3,1,4,NY,critical,148.43,0,0,0,1,2,6,1,0.85
music_festival,1.15,27.76,25,2,1,1,0,0,119166.91,1,3,CO,medium,694.0,31074,0,1,1,3,21,3,1.0
tech_summit,1.4,13.97,2,1,3,1,1,0,3509.46,1,5,NY,critical,27.94,1806,1,0,1,5,22,4,0.9
tech_summit,1.2,13.79,4,1,1,1,0,0,4719.69,1,5,GA,medium,55.16,1147,0,0,1,1,8,3,0.45
gov_rally,1.45,7.25,58,2,3,1,1,0,85515.7,1,4,DC,critical,420.5,22512,0,1,0,6,16,7,1.0
vip_protection,1.1,54.99,3,3,1,1,0,1,59656.04,1,4,AZ,low,164.97,21,0,1,0,1,21,7,0.45
retail_lp,1.5,5.46,2,2,1,0,1,0,1301.31,0,2,NY,critical,10.92,974,0,1,0,6,15,6,0.85
retail_lp,1.3,9.57,3,2,3,1,0,0,2653.15,1,5,FL,high,28.71,745,0,1,0,4,16,2,0.65
social_wedding,1.1,7.91,3,1,2,1,0,0,1317.43,1,3,AZ,low,23.73,386,0,0,1,1,14,5,0.15
sports,1.35,6.61,14,1,3,1,0,0,8994.89,1,4,NV,high,92.54,21716,1,0,0,4,23,4,1.0
gov_rally,1.15,10.29,31,2,1,1,0,0,48827.0,1,5,CO,medium,318.99,20652,0,1,0,3,21,7,1.0
gov_rally,1.3,11.01,71,2,3,1,1,1,165715.3,1,4,FL,high,781.71,13343,0,1,0,5,19,6,1.0
vip_protection,1.5,55.49,3,3,1,1,0,0,73038.71,1,5,NY,critical,166.47,5,0,1,0,2,16,10,0.55
corporate,1.45,11.61,4,1,3,0,0,0,3464.54,1,4,CA,high,46.44,468,0,0,0,1,18,3,0.45
corporate,1.4,10.22,5,1,1,1,0,0,3830.97,1,5,NY,critical,51.1,768,0,0,0,3,14,10,0.55
tech_summit,1.15,8.98,8,2,2,0,0,0,8807.56,0,2,TX,medium,71.84,1281,0,1,0,0,19,2,0.45
sports,1.3,8.91,7,2,1,1,0,1,10354.29,1,4,WA,medium,62.37,77399,0,1,0,1,15,12,1.0
industrial,1.35,89.59,2,1,1,1,0,1,18464.0,0,1,NV,high,179.18,0,0,0,0,1,18,4,0.95
corporate,1.15,9.13,4,1,3,1,0,0,2072.6,0,2,CO,medium,36.52,455,0,0,0,4,7,1,0.35
social_wedding,1.35,4.4,4,1,3,1,1,0,1257.38,1,4,CA,high,17.6,133,0,0,0,6,15,6,0.45
vip_protection,1.4,30.15,2,3,1,1,1,0,27889.74,1,5,NY,critical,60.3,37,0,1,1,6,6,8,0.65
tech_summit,1.15,12.85,3,1,1,1,0,0,2986.9,1,5,TX,medium,38.55,1725,0,0,0,2,19,8,0.45
tech_summit,1.15,8.43,7,1,2,1,0,0,4572.17,0,2,TX,medium,59.01,355,0,0,0,0,8,6,0.45
sports,1.3,4.31,9,1,3,1,0,1,4175.36,1,4,FL,high,38.79,8414,1,0,0,0,23,6,1.0
concert,1.18,9.61,35,1,1,0,0,0,32743.67,0,2,TX,medium,336.35,19550,0,0,0,1,6,2,1.0
gov_rally,1.1,9.69,53,2,3,1,0,0,74489.09,1,4,AZ,low,513.57,684,0,1,0,4,9,4,0.95
concert,1.45,8.09,18,1,2,1,0,1,20032.76,1,5,DC,critical,145.62,21993,0,0,0,0,6,10,1.0
music_festival,1.15,17.01,58,2,1,1,0,0,162117.91,0,2,TX,medium,986.58,4074,0,1,0,4,15,10,0.9
retail_lp,1.2,7.32,3,2,3,0,0,0,2041.75,1,4,GA,medium,21.96,245,0,1,1,3,16,12,0.55
corporate,1.5,7.06,2,1,3,0,0,0,1264.19,1,3,NY,critical,14.12,192,0,0,1,1,9,7,0.55
retail_lp,1.15,10.72,3,1,2,1,0,0,1508.95,1,5,CO,medium,32.16,154,0,0,0,0,9,5,0.55
corporate,1.18,9.26,1,2,2,1,0,0,894.65,1,4,TX,medium,9.26,293,0,1,0,3,14,8,0.35
retail_lp,1.3,10.95,3,1,3,1,0,0,1810.69,1,4,FL,high,32.85,335,0,0,0,2,9,5,0.65
industrial,1.5,28.33,2,1,3,1,1,0,6232.91,1,5,NY,critical,56.66,0,0,0,1,6,18,6,0.95
tech_summit,1.18,9.32,2,1,2,1,0,0,1481.93,1,5,TX,medium,18.64,674,0,0,0,4,7,3,0.45
vip_protection,1.35,18.56,3,3,2,1,0,0,21260.02,1,5,CA,high,55.68,45,0,1,0,1,21,2,0.45
concert,1.1,9.52,13,1,1,1,0,0,11231.22,1,4,AZ,low,123.76,21947,1,0,0,3,23,5,1.0
corporate,1.3,6.67,1,1,2,1,0,0,446.12,0,3,FL,high,6.67,514,0,0,0,4,19,5,0.45
vip_protection,1.35,49.02,2,3,3,1,0,0,37434.12,1,5,CA,high,98.04,35,0,1,0,4,15,7,0.45
music_festival,1.1,32.3,23,1,1,1,0,0,79676.02,0,1,AZ,low,742.9,39899,1,0,0,2,22,4,1.0
gov_rally,1.15,10.15,68,1,2,1,1,0,74578.87,0,1,CO,medium,690.2,875,0,0,0,6,16,8,1.0
sports,1.3,6.3,10,2,3,1,0,0,9094.68,1,5,FL,high,63.0,27440,0,1,0,4,20,4,1.0
retail_lp,1.15,11.99,3,3,1,1,0,0,4022.88,1,4,CO,medium,35.97,756,0,1,0,3,7,4,0.55
concert,1.1,9.31,12,2,3,1,1,0,16953.9,1,4,AZ,low,111.72,19340,0,1,0,6,20,8,1.0
vip_protection,1.15,20.67,1,3,3,1,1,0,7390.67,1,4,CO,medium,20.67,12,0,1,1,5,6,8,0.45
gov_rally,1.3,6.19,53,2,1,1,0,0,59441.63,0,2,FL,high,328.07,14062,0,1,1,4,15,7,1.0
industrial,1.15,55.15,4,1,1,1,0,0,15386.27,0,3,TX,medium,220.6,0,0,0,1,2,18,7,0.65
music_festival,1.5,8.93,10,2,1,1,1,0,20777.65,1,3,NY,critical,89.3,45026,0,1,0,5,19,4,1.0
vip_protection,1.45,67.12,3,3,1,1,0,0,85522.63,1,4,DC,critical,201.36,7,0,1,0,2,9,7,0.55
corporate,1.15,9.27,1,1,2,1,1,0,592.36,1,5,CO,medium,9.27,499,0,0,0,6,18,2,0.45
social_wedding,1.15,7.24,1,1,2,1,1,0,422.63,1,5,TX,medium,7.24,251,0,0,0,5,7,8,0.35
social_wedding,1.3,7.06,4,2,1,1,1,0,3171.76,1,4,FL,high,28.24,269,0,1,0,5,7,8,0.45
industrial,1.3,68.63,4,2,2,1,0,0,34751.66,0,1,FL,high,274.52,0,0,1,0,0,18,9,0.75
corporate,1.3,4.27,4,1,2,1,0,0,1355.77,1,4,WA,medium,17.08,154,0,0,1,4,19,10,0.35
sports,1.3,5.42,16,1,2,1,0,0,9156.99,0,2,WA,medium,86.72,67380,0,0,1,2,15,1,1.0
concert,1.4,11.17,25,1,2,1,0,0,33878.38,1,3,NY,critical,279.25,3136,0,0,1,3,16,6,1.0
music_festival,1.15,44.72,40,1,2,1,1,0,216614.74,0,2,CO,medium,1788.8,48273,0,0,0,6,8,1,1.0
vip_protection,1.35,55.36,1,3,1,0,0,0,21137.83,1,5,MA,high,55.36,13,0,1,0,4,8,5,0.45
sports,1.15,9.23,11,2,3,1,0,0,13176.56,1,5,TX,medium,101.53,47801,0,1,0,4,10,2,1.0
social_wedding,1.18,6.77,4,2,1,1,1,0,2716.14,1,4,TX,medium,27.08,365,0,1,0,5,21,11,0.35
sports,1.35,7.6,16,2,2,1,0,0,18145.15,0,2,CA,high,121.6,60181,1,1,0,0,22,9,1.0
corporate,1.4,10.89,4,1,3,1,0,0,3265.69,1,4,NY,critical,43.56,113,0,0,0,1,6,10,0.55
social_wedding,1.45,6.07,3,2,1,1,1,0,2527.99,1,5,DC,critical,18.21,372,0,1,1,6,14,9,0.55
gov_rally,1.4,8.29,16,2,1,1,0,0,25237.52,1,4,NY,critical,132.64,10090,0,1,1,2,19,2,1.0
vip_protection,1.15,42.24,2,3,3,0,0,0,26634.43,1,4,CO,medium,84.48,6,0,1,0,0,19,9,0.35
social_wedding,1.18,5.4,1,1,2,1,0,1,359.06,1,5,TX,medium,5.4,322,0,0,0,3,20,8,0.45
social_wedding,1.35,6.55,1,2,3,0,1,0,829.26,1,4,CA,high,6.55,281,0,1,1,6,16,11,0.45
tech_summit,1.35,11.63,2,1,3,1,0,0,2202.0,1,4,IL,high,23.26,1726,0,0,0,1,8,12,0.55
sports,1.3,5.96,16,2,1,1,0,0,13766.17,1,4,FL,high,95.36,17908,0,1,0,2,20,7,1.0
vip_protection,1.35,63.51,3,3,3,1,1,0,81835.37,0,2,MA,high,190.53,39,0,1,1,6,18,10,0.55
sports,1.2,4.9,23,1,1,1,0,0,9737.28,0,2,GA,medium,112.7,7064,1,0,0,0,22,5,1.0
social_wedding,1.15,5.67,3,1,1,1,1,0,992.94,1,4,CO,medium,17.01,96,0,0,0,5,15,10,0.35
gov_rally,1.35,13.16,58,2,2,1,0,0,138532.81,0,1,IL,high,763.28,11827,1,1,1,3,22,7,1.0
vip_protection,1.3,52.3,1,3,1,1,0,0,19264.71,1,5,FL,high,52.3,3,0,1,0,2,9,1,0.45
corporate,1.35,10.46,1,1,3,0,0,0,791.53,1,4,IL,high,10.46,732,0,0,1,0,10,2,0.45
retail_lp,1.5,4.85,4,1,3,1,0,0,1280.4,1,4,NY,critical,19.4,580,0,0,0,3,9,12,0.75
industrial,1.2,154.68,2,1,2,0,0,0,23387.62,1,4,GA,medium,309.36,0,1,0,0,4,23,8,0.8
tech_summit,1.35,10.98,2,2,1,0,1,0,3717.24,1,5,CA,high,21.96,1949,0,1,1,6,21,11,0.65
corporate,1.15,5.34,1,1,1,1,0,0,303.06,1,3,CO,medium,5.34,871,0,0,0,4,18,11,0.35
sports,1.2,9.64,13,1,1,1,0,0,10827.65,1,3,GA,medium,125.32,40682,0,0,0,2,19,1,1.0
music_festival,1.45,28.36,47,2,3,1,1,0,300659.77,1,3,DC,critical,1332.92,33050,0,1,0,5,18,12,1.0
vip_protection,1.1,68.18,2,3,1,1,0,0,39578.49,1,5,AZ,low,136.36,14,0,1,0,2,8,8,0.25
gov_rally,1.3,7.69,34,2,3,1,0,0,44627.3,0,3,WA,medium,261.46,23264,0,1,0,2,18,5,1.0
vip_protection,1.15,46.77,3,3,1,0,0,0,44236.24,1,5,TX,medium,140.31,9,0,1,0,3,15,7,0.35
gov_rally,1.2,9.97,65,2,1,1,0,0,107226.07,0,2,GA,medium,648.05,8586,0,1,1,4,18,7,1.0
music_festival,1.1,13.33,24,1,3,1,1,0,38741.13,1,5,AZ,low,319.92,42551,0,0,1,5,10,9,1.0
corporate,1.35,7.31,5,1,3,1,0,1,3157.8,1,5,NV,high,36.55,129,0,0,0,4,14,12,0.65
retail_lp,1.15,8.55,5,1,2,1,0,1,2997.06,0,2,CO,medium,42.75,815,1,0,1,4,22,2,0.9
retail_lp,1.5,8.91,3,2,2,1,1,0,3325.64,1,3,NY,critical,26.73,379,1,1,0,6,23,3,1.0
vip_protection,1.18,4.85,1,3,3,1,0,0,1631.7,1,5,TX,medium,4.85,27,0,1,1,4,16,11,0.35
tech_summit,1.45,12.62,8,1,2,1,1,0,12083.38,1,4,CA,high,100.96,631,0,0,1,5,10,6,0.65
vip_protection,1.35,10.16,3,3,3,1,0,0,11833.03,0,3,IL,high,30.48,24,0,1,1,0,14,4,0.45
social_wedding,1.45,7.71,4,1,2,1,1,1,2943.61,0,3,CA,high,30.84,262,0,0,0,6,6,4,0.65
sports,1.35,9.59,18,2,2,1,0,0,26928.36,1,5,CA,high,172.62,14973,0,1,1,0,14,9,1.0
music_festival,1.15,15.79,59,2,2,1,1,0,170408.47,1,4,TX,medium,931.61,15337,0,1,0,6,9,10,1.0
industrial,1.35,37.2,2,3,1,0,0,0,13768.65,0,1,CA,high,74.4,0,0,1,0,0,7,7,0.75
tech_summit,1.1,9.67,5,1,3,1,0,0,3437.08,1,3,AZ,low,48.35,977,0,0,0,2,15,11,0.35
gov_rally,1.35,6.89,68,2,3,1,1,0,89338.38,1,4,NV,high,468.52,18985,0,1,0,6,14,12,1.0
tech_summit,1.45,11.97,6,2,3,1,0,1,13713.41,0,2,CA,high,71.82,1278,0,1,0,2,10,3,0.75
concert,1.45,12.55,18,2,2,1,0,0,41717.64,1,5,DC,critical,225.9,1662,0,1,1,0,18,12,1.0
retail_lp,1.5,9.43,4,1,2,1,1,0,2786.45,1,4,NY,critical,37.72,959,0,0,0,5,15,10,0.85
corporate,1.4,10.35,2,1,3,1,0,0,1551.88,1,4,NY,critical,20.7,430,0,0,0,0,10,7,0.55
social_wedding,1.45,7.83,1,2,3,1,1,0,1012.99,1,4,CA,high,7.83,194,1,1,0,6,23,1,0.6
retail_lp,1.35,10.32,1,1,1,1,0,0,590.72,1,5,IL,high,10.32,157,0,0,0,3,6,9,0.65
industrial,1.5,123.98,1,1,3,1,0,0,12552.98,1,5,NY,critical,123.98,0,1,0,0,2,22,8,1.0
gov_rally,1.5,13.18,25,2,1,1,1,0,69099.12,1,3,NY,critical,329.5,4440,0,1,0,5,16,12,1.0
social_wedding,1.45,5.02,4,1,1,1,0,0,1628.45,0,1,CA,high,20.08,366,0,0,1,0,21,12,0.35
gov_rally,1.1,12.26,40,1,3,1,0,0,46931.28,1,4,AZ,low,490.4,3708,1,0,0,2,23,7,1.0
retail_lp,1.18,7.28,4,1,3,1,0,1,1738.7,1,4,TX,medium,29.12,784,0,0,0,3,14,7,0.75
tech_summit,1.35,10.82,6,1,1,1,0,0,6507.42,1,5,NV,high,64.92,1758,1,0,0,4,22,11,0.7
concert,1.3,8.83,16,1,2,1,0,0,16192.28,1,5,FL,high,141.28,24695,0,0,1,4,8,2,1.0
vip_protection,1.15,22.72,1,3,3,1,0,0,7228.05,1,5,TX,medium,22.72,29,0,1,1,4,20,7,0.35
retail_lp,1.35,7.76,2,2,3,1,1,0,1645.82,1,3,IL,high,15.52,397,0,1,0,5,15,4,0.75
concert,1.35,9.41,22,2,2,1,0,0,34853.11,1,4,MA,high,207.02,16248,0,1,0,4,8,1,1.0
social_wedding,1.35,7.8,2,3,3,1,0,0,2260.44,0,3,IL,high,15.6,89,0,1,0,1,15,8,0.35
gov_rally,1.35,6.39,17,2,2,1,0,0,19179.44,1,4,CA,high,108.63,18385,0,1,0,0,14,9,1.0
retail_lp,1.2,9.59,1,3,1,1,0,0,1111.67,1,4,GA,medium,9.59,692,0,1,0,0,20,5,0.55
music_festival,1.45,23.91,42,2,1,1,0,0,209737.62,1,5,CA,high,1004.22,18536,1,1,0,3,23,5,1.0
industrial,1.35,52.13,1,1,2,0,1,0,4873.86,0,1,MA,high,52.13,0,0,0,0,6,19,10,0.85
concert,1.35,7.32,24,1,3,1,0,0,19566.36,1,5,IL,high,175.68,20359,0,0,0,1,14,4,1.0
sports,1.4,7.55,13,1,2,1,1,0,10685.0,1,5,NY,critical,98.15,77185,1,0,0,5,23,8,1.0
concert,1.15,9.04,17,1,1,1,0,0,14580.39,0,2,TX,medium,153.68,12535,0,0,0,1,15,7,1.0
sports,1.15,7.26,25,2,2,1,0,0,25180.07,1,4,CO,medium,181.5,16550,1,1,1,3,23,6,1.0
music_festival,1.35,40.38,57,2,1,1,0,0,450420.48,0,2,IL,high,2301.66,31001,1,1,0,4,23,3,1.0
industrial,1.3,105.69,1,1,3,1,0,0,8192.3,0,2,WA,medium,105.69,0,0,0,0,2,19,8,0.65
sports,1.2,4.61,7,2,3,0,1,0,4692.42,1,5,GA,medium,32.27,56677,0,1,0,6,14,9,1.0
vip_protection,1.35,50.07,3,3,2,1,1,1,79787.06,1,4,IL,high,150.21,20,0,1,1,6,9,8,0.75
music_festival,1.18,46.57,14,2,2,1,0,0,112999.54,1,4,TX,medium,651.98,7961,0,1,0,3,18,9,1.0
gov_rally,1.45,12.04,57,2,3,1,0,0,129228.24,0,3,DC,critical,686.28,5234,0,1,0,1,21,12,1.0
gov_rally,1.45,7.63,56,2,2,1,0,0,84097.89,1,5,DC,critical,427.28,22185,1,1,1,2,23,6,1.0
retail_lp,1.5,4.78,2,1,3,1,0,0,630.96,1,3,NY,critical,9.56,228,0,0,0,4,16,3,0.75
vip_protection,1.4,69.17,4,3,2,1,0,0,120023.78,1,5,NY,critical,276.68,4,1,1,0,1,23,9,0.7
corporate,1.35,11.08,4,2,3,1,1,0,5533.02,1,5,IL,high,44.32,932,0,1,0,5,21,4,0.55
corporate,1.15,7.27,3,1,1,1,0,0,1237.77,1,5,CO,medium,21.81,494,0,0,0,4,20,5,0.35
gov_rally,1.2,6.26,19,2,3,1,0,0,20139.32,0,3,GA,medium,118.94,6708,0,1,1,4,10,1,1.0
vip_protection,1.35,49.82,2,3,1,0,0,0,38045.04,1,5,NV,high,99.64,46,0,1,0,1,8,1,0.45
vip_protection,1.4,12.24,4,3,1,0,0,0,20107.87,1,5,NY,critical,48.96,3,0,1,0,4,6,6,0.55
concert,1.15,8.22,26,1,1,1,0,0,20952.85,0,2,CO,medium,213.72,2169,0,0,1,3,20,3,0.85
social_wedding,1.5,5.93,1,1,1,1,0,0,435.85,0,2,NY,critical,5.93,287,0,0,0,2,20,3,0.45
social_wedding,1.35,7.68,1,1,3,1,0,0,552.3,1,5,IL,high,7.68,284,0,0,1,1,14,12,0.35
vip_protection,1.4,56.31,3,3,1,1,0,0,69574.55,1,5,NY,critical,168.93,0,0,1,1,0,9,12,0.55
retail_lp,1.45,5.54,3,1,3,1,0,1,1308.09,0,3,DC,critical,16.62,157,0,0,0,0,10,4,0.95
industrial,1.45,158.0,3,1,3,1,0,1,52462.47,1,4,CA,high,474.0,0,0,0,0,0,20,7,0.95
music_festival,1.15,20.06,25,2,3,1,1,0,91733.5,0,2,CO,medium,501.5,21975,1,1,0,6,23,3,1.0
tech_summit,1.15,12.36,7,2,3,0,0,0,10607.32,0,1,TX,medium,86.52,563,0,1,0,2,9,7,0.45
corporate,1.2,7.04,1,1,1,1,0,0,416.91,1,4,GA,medium,7.04,844,0,0,0,2,15,10,0.35
concert,1.15,8.84,35,2,3,1,0,0,44848.02,0,3,TX,medium,309.4,6177,0,1,0,3,15,3,0.974
sports,1.45,6.2,12,1,2,1,1,0,8388.75,0,1,DC,critical,74.4,63525,0,0,0,6,20,10,1.0
vip_protection,1.18,71.67,3,3,2,1,0,0,69454.68,1,4,TX,medium,215.01,46,0,1,0,4,8,8,0.35
tech_summit,1.35,8.44,6,1,3,1,0,0,5184.03,1,4,NV,high,50.64,179,0,0,1,2,7,2,0.55
retail_lp,1.3,11.43,1,1,2,1,0,0,630.02,1,5,FL,high,11.43,815,0,0,0,3,10,1,0.65
social_wedding,1.45,4.77,3,1,1,1,0,1,1336.27,0,3,DC,critical,14.31,112,1,0,0,0,22,10,0.8
retail_lp,1.4,5.72,5,2,1,1,0,0,3218.18,1,5,NY,critical,28.6,75,0,1,1,3,20,4,0.75
vip_protection,1.15,60.78,2,3,2,0,0,0,38454.83,1,4,TX,medium,121.56,47,0,1,1,1,14,6,0.35
tech_summit,1.35,13.9,6,1,1,1,0,1,9791.81,1,5,MA,high,83.4,1101,0,0,0,1,16,8,0.75
social_wedding,1.35,5.36,3,1,2,1,1,0,1148.79,0,2,IL,high,16.08,345,0,0,0,5,7,1,0.45
tech_summit,1.45,9.12,8,3,3,1,1,0,18071.06,1,5,CA,high,72.96,956,0,1,0,5,19,9,0.65
tech_summit,1.2,12.11,6,2,1,0,1,0,10327.22,1,5,GA,medium,72.66,1539,0,1,0,5,19,12,0.55
industrial,1.3,23.58,2,2,2,0,1,0,6447.61,0,2,WA,medium,47.16,0,0,1,0,5,20,9,0.75
industrial,1.1,59.39,3,1,1,1,0,0,11439.75,1,5,AZ,low,178.17,0,0,0,1,4,9,9,0.55
concert,1.35,6.48,20,2,2,1,1,0,23564.49,1,4,IL,high,129.6,15555,0,1,0,5,10,12,1.0
retail_lp,1.1,4.54,5,1,2,1,1,0,1100.28,1,4,AZ,low,22.7,102,0,0,0,5,10,3,0.55
concert,1.15,8.27,20,1,1,1,0,0,15692.32,1,4,CO,medium,165.4,13033,0,0,0,3,7,2,1.0
corporate,1.35,9.11,2,1,1,1,0,0,1265.52,1,3,NV,high,18.22,1000,0,0,0,3,14,6,0.45
industrial,1.35,165.03,2,1,3,1,0,1,34161.25,1,5,MA,high,330.06,0,0,0,1,1,8,6,0.95
retail_lp,1.15,5.92,2,2,1,1,0,0,963.09,1,5,CO,medium,11.84,654,0,1,0,0,15,6,0.55
concert,1.18,7.15,26,1,1,1,1,0,21370.35,1,5,TX,medium,185.9,13098,0,0,1,6,18,8,1.0
tech_summit,1.35,13.0,7,1,2,1,1,0,10160.31,0,1,MA,high,91.0,1623,0,0,1,5,9,3,0.65
sports,1.45,5.22,21,1,1,1,0,0,11444.33,1,5,CA,high,109.62,57680,0,0,0,0,6,2,1.0
tech_summit,1.1,11.41,2,1,3,1,0,0,1725.76,1,4,AZ,low,22.82,168,1,0,0,2,22,5,0.5
gov_rally,1.35,12.02,16,2,2,1,0,0,33955.54,1,5,NV,high,192.32,8757,0,1,0,3,9,10,1.0
gov_rally,1.3,12.51,69,2,1,1,0,0,151818.59,1,5,WA,medium,863.19,16303,1,1,1,2,23,4,1.0
concert,1.4,9.52,29,1,2,1,0,0,31887.24,1,5,NY,critical,276.08,1828,0,0,0,3,10,6,1.0
corporate,1.15,8.93,1,1,1,1,1,0,570.64,1,4,TX,medium,8.93,919,0,0,0,5,14,3,0.45
gov_rally,1.15,9.8,76,1,3,1,1,0,80478.62,1,4,CO,medium,744.8,6074,0,0,0,5,15,2,1.0
music_festival,1.5,24.12,8,2,1,1,0,0,41570.82,1,4,NY,critical,192.96,9150,0,1,0,4,8,4,1.0
vip_protection,1.1,49.31,2,3,1,1,0,0,28624.46,1,5,AZ,low,98.62,22,0,1,0,3,20,11,0.25
corporate,1.35,7.68,5,2,1,1,0,1,5273.68,0,2,IL,high,38.4,62,0,1,0,0,8,9,0.65
tech_summit,1.15,12.6,8,2,3,1,0,0,12358.05,1,4,CO,medium,100.8,688,0,1,0,1,10,8,0.45
sports,1.4,4.69,11,1,1,1,0,0,5200.27,1,5,NY,critical,51.59,73731,0,0,0,1,21,7,1.0
retail_lp,1.35,7.66,5,2,1,1,1,0,4061.53,1,5,CA,high,38.3,797,0,1,0,6,6,9,0.75
industrial,1.15,9.95,1,1,2,1,0,0,747.26,1,5,CO,medium,9.95,0,0,0,1,4,7,3,0.65
gov_rally,1.45,13.68,78,2,3,1,1,0,222476.0,0,1,CA,high,1067.04,12162,1,1,1,5,23,11,1.0
industrial,1.35,10.51,2,2,3,0,0,0,2878.73,1,4,IL,high,21.02,0,0,1,1,1,9,8,0.75
industrial,1.3,137.93,1,2,3,1,1,0,19445.72,0,2,FL,high,137.93,0,0,1,0,5,10,7,0.85
tech_summit,1.5,11.69,5,1,2,0,1,1,8833.89,1,4,NY,critical,58.45,1583,0,0,0,6,15,7,0.95
sports,1.35,9.4,23,2,2,1,1,0,34842.27,1,4,IL,high,216.2,22301,0,1,0,5,6,5,1.0
sports,1.3,9.32,7,1,2,1,0,0,6069.62,1,5,FL,high,65.24,6595,0,0,0,1,19,4,0.982
sports,1.3,9.96,18,1,2,1,0,0,16780.61,1,5,WA,medium,179.28,25858,0,0,0,0,10,7,1.0
tech_summit,1.18,11.22,5,1,1,1,0,0,4733.16,0,3,TX,medium,56.1,506,1,0,0,4,23,7,0.6
concert,1.35,13.06,21,2,3,1,1,1,59042.67,1,5,NV,high,274.26,22586,0,1,1,5,9,7,1.0
social_wedding,1.1,4.4,2,1,3,1,0,0,416.24,1,5,AZ,low,8.8,273,0,0,0,3,21,8,0.15
social_wedding,1.18,4.55,1,2,2,1,0,1,502.62,1,4,TX,medium,4.55,63,0,1,0,3,21,11,0.45
sports,1.15,5.5,10,1,3,1,0,0,4554.0,1,3,TX,medium,55.0,40704,0,0,0,1,10,6,1.0
industrial,1.3,138.52,1,1,2,1,0,0,10802.03,1,5,WA,medium,138.52,0,0,0,1,4,19,6,0.65
retail_lp,1.1,4.02,5,1,2,1,0,1,1078.08,1,5,AZ,low,20.1,611,0,0,0,2,8,3,0.65
gov_rally,1.35,12.43,21,2,1,1,0,0,46086.8,0,1,CA,high,261.03,11164,0,1,0,1,16,12,1.0
social_wedding,1.35,5.85,4,2,2,1,0,0,2425.59,1,4,IL,high,23.4,157,0,1,0,4,8,8,0.35
music_festival,1.5,9.55,48,2,3,1,1,0,106657.07,0,2,NY,critical,458.4,17371,0,1,0,5,9,6,1.0
music_festival,1.15,28.15,15,2,1,1,0,0,71515.95,1,5,TX,medium,422.25,25626,0,1,0,4,10,8,1.0
social_wedding,1.4,6.28,1,2,2,1,0,0,759.63,1,5,NY,critical,6.28,223,0,1,1,0,6,10,0.45
social_wedding,1.2,7.79,2,1,3,1,1,0,1009.58,0,1,GA,medium,15.58,298,1,0,0,5,23,11,0.5
industrial,1.35,100.41,4,2,1,1,0,0,54991.8,0,2,CA,high,401.64,0,1,1,0,2,22,5,0.9
retail_lp,1.35,5.6,5,1,3,0,0,0,1602.72,1,4,IL,high,28.0,62,0,0,0,4,8,11,0.65
tech_summit,1.35,13.77,7,2,3,0,1,0,15699.99,1,4,NV,high,96.39,436,0,1,0,6,19,5,0.65
music_festival,1.5,16.17,9,2,1,0,0,0,31352.62,0,1,NY,critical,145.53,14383,1,1,0,1,22,4,1.0
social_wedding,1.18,4.62,3,1,2,1,0,0,735.97,1,5,TX,medium,13.86,161,0,0,0,2,7,1,0.25
music_festival,1.45,37.59,42,2,2,1,0,0,329738.07,1,5,DC,critical,1578.78,28988,1,1,0,2,22,11,1.0
music_festival,1.45,21.3,58,2,1,0,0,0,258021.01,1,3,CA,high,1235.4,14475,0,1,0,4,15,12,1.0
gov_rally,1.35,6.33,46,2,3,1,0,1,59121.51,0,1,IL,high,291.18,20857,0,1,0,1,9,1,1.0
concert,1.45,13.58,28,1,2,1,0,1,52309.14,0,2,DC,critical,380.24,14268,0,0,0,1,20,10,1.0
concert,1.35,10.83,11,1,3,1,1,0,15101.75,1,4,CA,high,119.13,1995,0,0,1,5,8,3,1.0
industrial,1.45,123.3,4,2,1,1,0,0,70786.38,1,5,DC,critical,493.2,0,0,1,0,3,16,10,0.85
vip_protection,1.3,28.37,2,3,1,1,0,0,20900.18,1,4,FL,high,56.74,38,0,1,0,2,20,8,0.45
music_festival,1.35,9.48,29,2,1,1,0,0,53800.13,1,5,CA,high,274.92,41573,1,1,0,0,22,8,1.0
corporate,1.1,9.02,3,1,1,1,1,0,1586.47,0,3,AZ,low,27.06,280,0,0,0,5,8,5,0.35
social_wedding,1.35,5.93,4,1,2,1,0,0,1505.03,1,5,MA,high,23.72,314,0,0,0,2,15,9,0.35
industrial,1.15,74.17,2,2,2,1,0,0,16531.63,1,4,TX,medium,148.34,0,0,1,1,3,18,11,0.65
sports,1.5,6.9,11,1,3,1,0,0,8912.2,0,2,NY,critical,75.9,63368,0,0,1,2,18,8,1.0
social_wedding,1.35,6.31,2,2,2,1,0,0,1308.16,1,4,MA,high,12.62,336,0,1,0,0,16,11,0.35
gov_rally,1.2,8.8,16,2,2,1,0,0,22378.75,0,1,GA,medium,140.8,11576,1,1,0,3,23,7,1.0
tech_summit,1.45,10.48,7,1,2,1,0,0,7914.34,1,5,CA,high,73.36,839,0,0,1,1,16,9,0.55
gov_rally,1.3,10.31,35,1,2,0,0,0,40812.14,0,3,FL,high,360.85,15123,0,0,0,0,14,6,1.0
music_festival,1.45,37.69,45,1,2,1,0,0,239779.07,0,3,CA,high,1696.05,46106,0,0,0,0,7,12,1.0
retail_lp,1.35,8.35,5,1,1,1,1,1,3304.11,1,4,NV,high,41.75,984,0,0,0,5,18,7,0.95
industrial,1.35,41.94,3,2,1,1,0,1,20107.76,1,4,CA,high,125.82,0,0,1,0,0,20,7,0.95
tech_summit,1.15,10.08,2,2,2,1,0,0,2600.72,1,4,CO,medium,20.16,238,1,1,0,1,22,11,0.6
gov_rally,1.35,6.31,25,1,1,1,0,0,18527.74,1,5,NV,high,157.75,10831,0,0,0,1,18,8,1.0
concert,1.45,6.98,17,1,3,1,1,0,16523.68,1,5,CA,high,118.66,10028,1,0,1,5,23,2,1.0
gov_rally,1.3,13.94,33,2,2,1,1,0,87116.59,0,2,FL,high,460.02,12484,0,1,1,6,6,8,1.0
tech_summit,1.35,8.9,7,1,1,1,0,0,5897.86,1,5,CA,high,62.3,1092,0,0,0,0,8,12,0.55
corporate,1.45,10.87,1,1,3,1,0,0,909.03,1,5,DC,critical,10.87,149,0,0,1,0,8,2,0.55
corporate,1.35,11.64,5,1,3,1,1,0,4895.02,1,3,MA,high,58.2,588,0,0,1,6,9,12,0.55
tech_summit,1.5,9.52,5,1,3,1,0,0,5203.27,1,4,NY,critical,47.6,709,0,0,0,4,9,2,0.65
corporate,1.5,8.34,4,3,2,1,1,0,6663.53,0,1,NY,critical,33.36,959,0,1,0,6,8,2,0.65
vip_protection,1.15,36.4,4,3,3,1,0,0,46164.04,0,2,TX,medium,145.6,30,0,1,1,3,21,8,0.35
corporate,1.35,10.44,2,1,1,1,1,0,1630.22,0,2,MA,high,20.88,155,0,0,0,6,14,2,0.55
tech_summit,1.18,11.94,5,2,3,1,1,0,8363.13,1,4,TX,medium,59.7,1343,0,1,0,5,10,1,0.55
tech_summit,1.2,8.76,3,2,3,1,1,0,4135.46,1,4,GA,medium,26.28,1402,1,1,1,5,22,12,0.7
industrial,1.5,157.5,1,1,3,1,0,0,15149.53,1,4,NY,critical,157.5,0,0,0,0,2,14,5,0.85
gov_rally,1.35,10.2,25,1,1,1,0,0,31574.75,0,2,CA,high,255.0,3462,0,0,1,0,7,7,1.0
vip_protection,1.4,23.65,4,3,3,1,0,0,39112.22,1,5,NY,critical,94.6,23,0,1,1,1,21,4,0.55
retail_lp,1.5,5.09,3,1,3,1,0,0,1202.82,1,5,NY,critical,15.27,417,0,0,1,4,15,4,0.75
social_wedding,1.4,7.71,3,1,2,0,0,0,1586.72,1,5,NY,critical,23.13,228,0,0,0,4,19,11,0.45
social_wedding,1.18,6.96,2,1,2,1,0,0,788.43,1,5,TX,medium,13.92,163,1,0,0,1,23,5,0.4
industrial,1.2,13.08,2,1,3,1,0,0,1977.7,1,5,GA,medium,26.16,0,1,0,0,3,22,8,0.8
tech_summit,1.4,12.34,7,2,3,1,0,0,13452.28,1,4,NY,critical,86.38,549,0,1,0,2,20,1,0.65
corporate,1.3,4.35,2,1,2,1,1,0,654.1,1,5,FL,high,8.7,133,0,0,0,6,7,2,0.55
concert,1.45,12.76,18,2,3,1,0,0,41226.12,0,1,CA,high,229.68,12925,0,1,0,2,7,9,1.0
sports,1.5,4.29,15,2,1,1,0,0,11515.53,1,5,NY,critical,64.35,44348,0,1,1,4,10,4,1.0
corporate,1.5,5.48,5,2,3,1,0,0,3789.42,1,3,NY,critical,27.4,498,0,1,1,0,8,10,0.55
social_wedding,1.2,7.51,1,3,2,1,0,0,946.26,1,4,GA,medium,7.51,59,0,1,0,0,7,5,0.25
social_wedding,1.45,7.88,4,1,1,1,0,0,2545.2,1,4,CA,high,31.52,110,1,0,1,0,23,1,0.5
social_wedding,1.15,6.42,3,1,2,1,0,0,1063.15,1,5,TX,medium,19.26,229,1,0,0,1,23,2,0.4
sports,1.35,7.52,24,2,1,0,1,0,29085.72,1,4,NV,high,180.48,78088,0,1,0,6,15,11,1.0
music_festival,1.35,30.52,25,2,1,1,0,0,150939.33,0,1,NV,high,763.0,39411,0,1,1,4,7,3,1.0
tech_summit,1.1,11.54,8,1,1,1,0,0,7082.8,0,2,AZ,low,92.32,1740,0,0,1,0,9,7,0.35
music_festival,1.15,21.45,10,2,1,1,0,1,41779.04,1,4,CO,medium,214.5,49582,0,1,0,0,9,11,1.0
social_wedding,1.2,4.53,4,2,2,1,0,0,1647.11,1,4,GA,medium,18.12,85,0,1,0,0,14,4,0.25
vip_protection,1.45,49.43,3,3,2,0,1,0,70575.51,1,5,DC,critical,148.29,31,0,1,0,5,10,12,0.65
tech_summit,1.35,8.05,4,1,1,1,0,0,3048.33,1,4,CA,high,32.2,397,0,0,0,4,19,10,0.55
social_wedding,1.3,4.16,3,1,2,1,1,0,858.57,1,4,FL,high,12.48,187,0,0,0,5,9,11,0.45
industrial,1.35,77.51,3,1,1,1,0,0,20677.99,1,5,NV,high,232.53,0,1,0,1,0,22,3,0.9
tech_summit,1.35,8.06,3,1,1,1,0,0,2289.09,1,3,CA,high,24.18,201,0,0,0,3,9,5,0.55
retail_lp,1.2,8.0,5,2,3,1,0,1,4480.63,1,4,GA,medium,40.0,676,0,1,1,2,18,1,0.75
music_festival,1.5,24.79,55,2,2,0,1,1,364822.92,0,3,NY,critical,1363.45,12527,1,1,0,6,22,7,1.0
industrial,1.35,30.95,3,1,2,1,0,0,7755.88,1,5,MA,high,92.85,0,0,0,0,3,18,5,0.75
sports,1.1,8.82,19,1,3,1,1,1,16484.24,0,3,AZ,low,167.58,53963,0,0,0,5,19,2,1.0
vip_protection,1.45,13.76,1,3,3,1,0,0,5844.22,1,5,DC,critical,13.76,2,0,1,0,3,19,11,0.55
gov_rally,1.15,9.6,41,2,3,1,0,0,60247.37,0,2,CO,medium,393.6,21560,0,1,0,0,10,11,1.0
industrial,1.35,24.83,1,1,1,1,0,0,2187.21,0,1,NV,high,24.83,0,1,0,0,1,23,5,0.9
social_wedding,1.5,4.01,2,2,3,1,1,0,1190.84,1,4,NY,critical,8.02,332,0,1,1,5,14,8,0.55
concert,1.3,7.98,15,2,2,1,0,0,20460.66,0,3,WA,medium,119.7,9676,1,1,1,0,23,2,1.0
sports,1.5,6.1,17,2,2,1,1,0,19538.34,1,4,NY,critical,103.7,29488,0,1,1,6,19,4,1.0
concert,1.45,7.88,6,1,2,1,0,0,5655.87,0,2,CA,high,47.28,23405,0,0,0,0,21,11,1.0
corporate,1.2,9.04,2,2,3,1,0,0,1770.88,1,5,GA,medium,18.08,911,0,1,0,1,7,7,0.35
vip_protection,1.15,38.72,1,3,1,1,1,1,16986.68,1,5,TX,medium,38.72,30,0,1,0,6,7,8,0.65
retail_lp,1.3,5.23,5,1,3,0,0,0,1441.39,0,3,FL,high,26.15,172,0,0,0,0,19,1,0.65
social_wedding,1.3,7.55,3,2,3,1,0,0,2590.24,1,4,FL,high,22.65,229,1,1,1,3,23,6,0.5
tech_summit,1.3,10.56,7,1,1,1,0,0,6870.86,1,3,WA,medium,73.92,1262,1,0,0,3,23,9,0.6
vip_protection,1.3,54.15,4,3,3,0,1,1,106786.38,1,5,WA,medium,216.6,48,0,1,0,5,18,1,0.65
concert,1.2,6.18,24,2,1,1,1,0,25976.95,1,3,GA,medium,148.32,21901,0,1,1,6,16,5,1.0
gov_rally,1.15,6.18,49,2,3,1,0,0,46351.9,1,4,TX,medium,302.82,3062,0,1,0,1,7,1,1.0
sports,1.3,7.51,8,2,3,1,1,0,9928.6,0,3,WA,medium,60.08,8784,0,1,1,6,10,2,1.0
social_wedding,1.45,4.59,3,2,3,1,1,0,1694.14,1,5,CA,high,13.77,326,0,1,0,5,20,12,0.45
music_festival,1.45,32.53,45,2,1,1,0,0,308659.22,0,1,DC,critical,1463.85,12425,0,1,1,0,9,2,1.0
social_wedding,1.35,4.34,3,2,1,1,0,0,1349.62,0,2,NV,high,13.02,359,0,1,0,3,16,8,0.35
social_wedding,1.3,4.44,2,1,1,1,0,1,716.88,1,4,FL,high,8.88,218,1,0,0,0,22,11,0.7
concert,1.5,9.03,22,2,3,1,0,0,36764.52,1,4,NY,critical,198.66,20519,0,1,0,3,20,2,1.0
vip_protection,1.45,53.97,3,3,2,1,1,0,77057.66,1,5,DC,critical,161.91,33,0,1,0,6,8,3,0.65
retail_lp,1.35,6.31,3,1,2,1,0,0,1278.55,0,2,IL,high,18.93,240,0,0,1,4,19,8,0.65
sports,1.3,5.03,10,2,2,1,0,1,8350.5,1,5,FL,high,50.3,3503,0,1,0,2,15,7,1.0
retail_lp,1.45,11.99,1,1,1,1,0,0,843.87,0,2,CA,high,11.99,339,1,0,1,3,23,2,0.8
tech_summit,1.35,11.61,4,1,2,1,0,0,4396.42,1,3,IL,high,46.44,687,0,0,0,3,21,12,0.55
gov_rally,1.3,12.15,58,2,3,1,0,1,138323.98,0,1,FL,high,704.7,12334,0,1,0,3,18,11,1.0
concert,1.35,7.16,27,1,2,1,0,0,21172.16,0,3,NV,high,193.32,2569,0,0,0,1,21,11,0.95
retail_lp,1.5,7.06,4,1,2,1,0,0,1863.84,1,5,NY,critical,28.24,608,0,0,0,4,15,3,0.75
corporate,1.5,7.24,5,2,2,1,0,0,4577.08,0,1,NY,critical,36.2,108,0,1,0,1,8,5,0.55
social_wedding,1.18,4.21,3,1,3,1,1,0,967.1,1,5,TX,medium,12.63,334,0,0,1,5,19,9,0.35
social_wedding,1.15,7.55,3,1,3,1,0,0,1250.28,1,5,CO,medium,22.65,322,1,0,0,3,22,9,0.4
retail_lp,1.3,9.61,4,1,1,1,0,0,2038.86,0,2,WA,medium,38.44,988,0,0,0,2,9,6,0.55
corporate,1.35,8.56,4,1,2,1,0,0,2638.22,0,2,CA,high,34.24,881,0,0,1,1,10,6,0.45
sports,1.18,9.33,20,1,2,1,0,0,15832.41,1,3,TX,medium,186.6,4186,0,0,1,4,8,2,0.75
social_wedding,1.5,5.5,2,1,1,1,0,1,1005.67,0,2,NY,critical,11.0,365,0,0,0,2,20,7,0.65
gov_rally,1.35,11.12,62,1,3,1,1,0,87452.71,0,2,CA,high,689.44,20755,0,0,0,5,15,6,1.0
corporate,1.15,4.87,4,3,2,1,1,0,3020.69,1,5,CO,medium,19.48,571,1,1,0,6,22,9,0.6
